Vector,Date/Time (UTC),Hop/Chain,TXID,Amount (USDT)
Vector 1 (CoQ),03.04.2026 09:40:39,qrfv (Binance) → TWRXj4SD,774ccb3547da38924a9ac10ca9b298cdd157dadca621c5d3ee39243e82787cfd,"49,999,999.00"
Vector 1 (CoQ),03.04.2026 10:49:48,qrfq (Binance) → TWRXj4SD,d1bece0c55acc7a94eadebc8ebca70e47ceecc3f539c12d51fb20c05dbcbe7d7,"49,499,999.00"
Vector 1 (CoQ),03.04.2026 10:53:33,qrfj (Binance) → TWRXj4SD,8a6d0da3fb134805c3e82edab7ef145f9362f7604702887ba5c331e246424c01,"600,451.74"
Vector 1 (CoQ),16.04.2026 12:57:27,qrfw (Binance) → TWRXj4SD,734ebbaeec43bb6b8e2c6264df8df42e7263dbd980afbc4d874cf3943d43f6d3,"1,980,181.66"
Vector 1 (CoQ),2026-05-06 16:34:24,TWRXj4SD → TBR7B5 (bridge),1a049867aee3f559e9c2b808148d73d5eabcd41928980cc970b15ac271b436d2,"23,380,000.00"
Vector 1 (CoQ),2026-06-11 15:16:24,THkSW85s → CoQ,516109e27db098f540d3f11d12222ceac95dac39de47f783313a25e60746c6c2,"120,271,055.09"
Vector 1 (CoQ),2026-06-11 18:24:21,CoQ → Rd3Sy,f6a6dae0e315e70fd4b51bcadcae43106db9818cfad5b013c09c17ea92478424,"200,000.00"
Vector 1 (CoQ),2026-06-11 19:15:51,Rd3Sy → 9g9i,804f122c8bd36c8323e21208936a17e2e637e30e23863a68ea2ba6e03c66b980,"200,000.00"
Vector 1 (CoQ),2026-06-11 19:37:51,9g9i → 7oj3,88ec98a8d3387e9fa7d28ae32ceadb958f90fde7337ecdb9d33a3183baf8baa1,"10,000.00"
Vector 1 (CoQ),2026-06-11 19:47:15,9g9i → 7oj3,52ae6527f63a48b00da757b97bf1bc9568bbbb72df289893a9163b74ef7c1d3c,"40,000.00"
Vector 1 (CoQ),2026-06-11 20:11:51,9g9i → TXKJAEP8,5864b72a0182bd8310b08c4ca0e3874b3167f2b89e4cca03d06bdbdcea2f9a7d,"50,000.00"
Vector 1 (CoQ),2026-06-11 20:32:27,9g9i → TE4acQj7k,66af3f0a57ca3fc444b896bde3edffca331715eaf7674167ff20221a3c5259d2,"50,000.00"
Vector 1 (CoQ),2026-06-11 20:45:42,9g9i → TE4acQj7k,546f430aecb86c918de9c3942534d915185d31f02d11a208abf1922178f0bc9b,"50,000.00"
Vector 1 (CoQ),2026-06-11 21:45:21,CoQ → vRykCw,77cda1380fd0bc1ad11b0cb6b88592b7c7fb8e54333aaf5981426ea647831a34,"350,000.00"
Vector 1 (CoQ),2026-06-11 21:46:57,vRykCw → 38Ys,1cc6935fa9ddacca3d0b562ffa0837f06dffcd92ece29991d5bdd6c5ae9cd360,"347,191.55"
Vector 1 (CoQ),2026-06-11 21:48:06,38Ys → TX5XiRXdyz,e17c4ae911fc6dd231cd1043ff4e8239b80354ffbf308bf024ad3c8f0b184e18,"347,191.55"
Vector 1 (CoQ),2026-06-11 22:45:03,vRykCw → Uo1qx,da35404d0da766b4f17a64b0cb67f6889e252ee010fc4fc1c2eb20e55a7770a5,"2,808.45"
Vector 1 (CoQ),2026-06-11 22:09:54,CoQ → Ak9W,862d2f3cd942ef77bd9617f1dc35d0e7536c8978f00b13898c06afdba0bcaf65,"50,000,000.00"
Vector 1 (CoQ),2026-06-11 22:10:57,CoQ → Ak9W,45000790f13c88bc27b64e7329f341ff167d0d440f41a8f43ba75500c5183d04,"44,980,295.09"
Vector 1 (CoQ),2026-06-12 07:37:00,Tether blacklist action (Ak9W),"— no TXID, not a transfer","72,030,295.66"
Vector 1 (CoQ),2026-06-12 08:48:57,CoQ → TLmvkxCM,17118b4dece759ebcd1bdbebb46ddbf0542cb53fbfd38338b3d00d2e445a28b8,"349,990.00"
Vector 1 (CoQ),2026-06-12 08:55:42,TLmvkxCM → GpyTjk,77149e8b8e19ee7ee0b0e1722ae95cbf5957535bae79e88ea6a3073547dd2320,"349,990.00"
Vector 1 (CoQ),2026-06-12 08:56:15,GpyTjk → TYnhjPVe8,f84601fa7b22b658300757547fb09616de35bce68de9390616882c8d2f2f23cb,"125,000.00"
Vector 1 (CoQ),2026-06-12 08:56:18,GpyTjk → TEMr6teXg,cd7adcca076aa886f4dd50f32b96e56b5d9f198bfaafc1548c2ae053667234c6,"125,000.00"
Vector 1 (CoQ),2026-06-12 08:56:21,GpyTjk → TXaA8WPco,5a10c76240e2746bdb3399b559ff594196bf74137d93d3e53d7ecff9a021023e,"99,990.00"
Vector 1 (CoQ),11.06.2026 22:21:21,Ak9W → TFqMQuCP7bzQV3g5smstq4hAFgEDoLf9Dv,ab4eeb254c600a7e951b73016f48aa6ec5cb3a4a298366716b653611667caeb2,"200,000.00"
Vector 1 (CoQ),11.06.2026 22:33:54,Ak9W → TRUSXZTFA6cf8ef8UJyqoFk84qfTNEJrqt,ba0b55802cdfe039e1a40082636e3042580f23e34f36714ffeb22d1d89ba8b8e,"350,000.00"
Vector 1 (CoQ),11.06.2026 22:47:54,Ak9W → TEEh5uyy133Yw43Lo5jDVAfXpEX9KqMb5X,50611b58b532ce187218f6e2841e3726cff4abd7005ae596882f85691b00d5df,"350,000.00"
Vector 1 (CoQ),11.06.2026 22:53:51,Ak9W → TGEb9HyyiF8t1Samqf6aoqg8jSANoTLaWx,8f851f09d797352430052dc5299f004c94d5d64044102f51a6954f5c475174d7,"100,000.00"
Vector 1 (CoQ),11.06.2026 22:55:39,Ak9W → TBiTLVn4RwybTVuy9KgUUu2s9uWcYK7uhp,0e82f9005191d05976e03b98f5972137ec7da1179d505defb45c0ab469c32352,"350,000.00"
Vector 1 (CoQ),11.06.2026 23:00:00,Ak9W → TC3pdXscoB2RtpSXmkHCZR5DGK6Xi76j5A,3f7c6aa9160e73418cb468a2bef7651eef251dea21eb031512540a8523ddbe3b,"350,000.00"
Vector 1 (CoQ),11.06.2026 23:16:09,Ak9W → TNHb973iCyimMDhLBXKEbJu2tyxvk7Kw25,4d3ea1941a40dc0cb4c7759849fd81aa249d8c7cde06e2c09ee53037179d8c2c,"350,000.00"
Vector 1 (CoQ),11.06.2026 23:36:12,Ak9W → THPYzDXTurrum6pJmBLm9Ab9sL5rKNvART,eb517e6e5fd0b73e8a31e8c9d044a4c633a7d85ae9e864bae297cd52ba89f376,"2,500,000.00"
Vector 1 (CoQ),11.06.2026 23:39:24,Ak9W → THfrCTfQ9J9xiAiwGnAk7ShKJdfBAZPAJN,995bfd34a113f9810a147ef270d2d7dcd9bc05aa760241ea45a0677cc322df1e,"1,000,000.00"
Vector 1 (CoQ),11.06.2026 23:41:39,Ak9W → TDUoh5SKBbY99GZsQXt3dGF9LvfvwFqFF3,a530b08a0b273774044227d3051262392747ae9d3bac4144b769c2f935293a34,"300,000.00"
Vector 1 (CoQ),11.06.2026 23:44:12,Ak9W → TJdFakW6Q8tF2mHXXCt7mBnsWU6p5gvn9K,c4919df69ecb26a1987bec54839f581bdb898af959215cc911c4bca22d5f65c9,"500,000.00"
Vector 1 (CoQ),11.06.2026 23:51:27,Ak9W → TGKZwkeyNQ9JXCXz96MdraFXMMcirWPwHM,cfefd88eaea18c02cd7d358a856a46049a81fdc9d372929da2ab60fb590e4fe6,"350,000.00"
Vector 1 (CoQ),12.06.2026 00:03:12,Ak9W → TK9ew7o1ARyGzFjAXbfL21QuLmgQzp4Vda,55fbc83d19a4bd6db324837a73a4fcf0aa111aea5a5c4d540ba77a60c8b39536,"350,000.00"
Vector 1 (CoQ),12.06.2026 00:13:24,Ak9W → TNDPF3y5MxfKnN8vqtPk5i3CvsyEwUumTn,1dcd53a20052b5ebf4472baf3054ef81bb7063e0bf91082af72876946b27f4bb,"350,000.00"
Vector 1 (CoQ),12.06.2026 00:14:03,Ak9W → TA5ENDKZrWdH51soEGjpYKh6bshcct1Tfs,996fba6ec21aee95eea61a774eede4a10d19a2869fb411b8c34cd356544fb779,"350,000.00"
Vector 1 (CoQ),12.06.2026 00:15:00,Ak9W → TSF3BXrZtAVQgYDQbBpEoeoaSY6a6xbXor,be0db101b491a40f716c801761ac204616400fea4642b0f2d270f37a304cdb64,"350,000.00"
Vector 1 (CoQ),12.06.2026 00:38:06,Ak9W → TNJXGPCfYhfupGbvzX7rKe2kMuobZxP4r5,f189798dbc8d07f4539152a5432e0a69c89d4927e95e97d4b85d871fe75107d2,"350,000.00"
Vector 1 (CoQ),12.06.2026 00:38:54,Ak9W → TAoJdeGRNUK62qK1boGyTNCuXkUfJaiwKX,862e5e334e1908289cb8197757638eb205b22a2b96d3bb1a940a5aac5d20bce8,"350,000.00"
Vector 1 (CoQ),12.06.2026 00:39:33,Ak9W → TG56ZdZbzqN6w35wKdDzt3AwBiUo1RXz4w,6fe669a8ff88981792cf7438e8a6da93a780fde571640345886e1cad137e22e2,"350,000.00"
Vector 1 (CoQ),12.06.2026 00:44:33,Ak9W → THnK9QocskTMW8WBn68bL9AT6hR7gvLBvX,b0f9bc6867b1f4fdfd633a301dc605c84eff6fb423c1d995ad684fba0b214e66,"2,000,000.00"
Vector 1 (CoQ),12.06.2026 00:52:06,Ak9W → TKLMCvmqopkNjERDre9gVyEnycesBdSCQS,4334d49bbe8a5c547af832dd370956f2cc321e56424dbb3294f21ade35578b2f,"350,000.00"
Vector 1 (CoQ),12.06.2026 00:53:00,Ak9W → TLRrGf45VSXErKePUGZeNmnXJN5bGMtdCA,9bc1b76803421f237d57a764995e184966b2ff544b1c2a81781582fa566f47d2,"350,000.00"
Vector 1 (CoQ),12.06.2026 00:53:39,Ak9W → TQsFZ2Edo3eXBuAYgj6XzgMKymoSZAHPSL,07fc94a8bc0a85ff36c3fc08c12b770709ce40896c9fc8e7209a1ee33e5c6ffa,"350,000.00"
Vector 1 (CoQ),12.06.2026 01:09:21,Ak9W → TYfuXRqgGd6BBPj7QmTuSheAUs99k8sXSK,a34e8bacad90332a5deca4f7a660ce8e6ded2f7691fd21f51eac2dc5b0acdb2e,"750,000.00"
Vector 1 (CoQ),12.06.2026 01:11:33,Ak9W → THPYzDXTurrum6pJmBLm9Ab9sL5rKNvART,ad5702a9a4cec06191eebbc744a061470a77f20c3815d5f9635d11133d746422,"3,500,000.00"
Vector 1 (CoQ),12.06.2026 01:18:06,Ak9W → TWfaXtYf1HQ7uvQGAB1uD1g2LoDVb7X8xn,81c4461024ab198756ab8d25e369670586c7175dd04a9e4d1bf433e08cd0f1e8,"350,000.00"
Vector 1 (CoQ),12.06.2026 01:19:00,Ak9W → TYuPudXPo9hxVn2snScde65eWYeZkXuj4R,35ad60e43ecacb43bf1456f9592e8ba04329ed2f7b10301f09dc6b1e0f0226d1,"350,000.00"
Vector 1 (CoQ),12.06.2026 01:19:51,Ak9W → TTw46z5JLwThRkukbjU2TzhYk7cHGmB4ti,929d3783f02601559f98f6f8a5f4e8da809c5959d064e1fa8571f9297f8f3d68,"350,000.00"
Vector 1 (CoQ),12.06.2026 01:29:03,Ak9W → TNFpo7EQ8Mgrq4FyQTqsKEKMQHnGweScRe,db5a08a4b91e0da883162a91e885636a30b3b7d7e93ade34d3cbfcac95e2fc60,"350,000.00"
Vector 1 (CoQ),12.06.2026 01:30:03,Ak9W → TDDv2bEA7axJFyy7vuKdLsp9D7NstaUYTt,4995fd8b64557264c471e189476f56de4c179c484eef060dc1491d95158de008,"350,000.00"
Vector 1 (CoQ),12.06.2026 07:10:00,Ak9W → TGs841dgSCQuMsDk4LMCDiYV7WvXTSteUu,48db6d92c36e55574555445f527f2021a9b681903bc355523f2fcc0ee1721018,"350,000.00"
Vector 1 (CoQ),12.06.2026 07:10:45,Ak9W → TYiUza4FahVVBfx2m4Lzp59ZXTsNWoNv3y,213f5bcaae9332eff4e13a5f53c8c88ea86bf1d01ea84b16855ea3dd4e0519ec,"350,000.00"
Vector 1 (CoQ),12.06.2026 07:11:33,Ak9W → TAonwuuKSvNgZ5x2ifmDwPN7YQYy3NM4u3,159ffcc7ced660fa3cadceb53bc9c8bbb2aa3a4acb104f2596486d0c65082bee,"350,000.00"
Vector 1 (CoQ),12.06.2026 07:22:03,Ak9W → THPYzDXTurrum6pJmBLm9Ab9sL5rKNvART,ef0574e61ab634ad640c633cb7abdbbc02baca809c9634f84062ababebabd665,"3,000,000.00"
Vector 1 (CoQ),12.06.2026 07:32:24,Ak9W → TJ3YMAmV7ex79BGwM25QcqCaKZW7rdiYqF,55702296066daf4877d2d9672172297e100d2ed1c4d345829cab250b5c973409,"350,000.00"
Vector 1 (CoQ),12.06.2026 07:33:12,Ak9W → TBzUw6xuHWWbspjxspZdSDT5ki3f6Sqacj,f25244df62c08bbe8de8965484f28c59483174a130563646253fb032fec67936,"350,000.00"
Vector 1 (CoQ),12.06.2026 07:34:03,Ak9W → TJsDfzPCZkDNjkTTDQ9LPAiGf1jnuT7w5K,104a0f7368a3dd1171162029502ea9f32c35f64666848980b4ca3e3977dfee8e,"350,000.00"
Vector 2 (EJon/HBK),2026-05-16 04:08:33,Gs4 → TJK69Sk6,327f982aa803b49d586011bded518c8dd1865aa71622dee6abe5afb620a58bb8,"9,000.00"
Vector 2 (EJon/HBK),2026-05-16 05:45:36,Gs4 → TJK69Sk6,6899cbe5e4602efd9d15af4318f35ce668feb82f4ef67b867fc89538ca4b7e2a,"3,196,400.00"
Vector 2 (EJon/HBK),2026-05-16 06:23:06,Gs4 → TJK69Sk6,fdd81c57bc2b41a99b4afb0c0c94f53025891fafc9f8f1764a2f79f88ca20d41,"4,201,000.00"
Vector 2 (EJon/HBK),2026-05-16 07:50:21,Gs4 → TJK69Sk6,51c1f59afaee419341136b3a82011133e15fb5f5fdcc95b8ef1b0cc2faf3b2f4,"1,919,000.00"
Vector 2 (EJon/HBK),2026-05-16 09:07:33,Gs4 → TJK69Sk6,a5c87b2622dab2fb3ee434d7e470ecdda86e4135cd50df0d605cf63b8ba4498c,"2,496,500.00"
Vector 2 (EJon/HBK),2026-05-16 10:05:18,Gs4 → TJK69Sk6,b5faf804c9d6e66aaa8b3db8e26f1e0ccf976be43d4a6ac88c7d4b3b7cdb29cf,"1,985,865.00"
Vector 2 (EJon/HBK),2026-05-16 10:16:06,Gs4 → TJK69Sk6,54fb5c77f862c9ca002b40649327596bac3470858338fc4fa5d5fc00d3c0acd4,"100,000.00"
Vector 2 (EJon/HBK),2026-05-16 11:14:39,Gs4 → TJK69Sk6,4c93b14e1d9661ba88c88383b5ff75ed9f410481da9413b058eed9ea3bc87eb2,"1,190,000.00"
Vector 2 (EJon/HBK),2026-05-17 04:51:21,Gs4 → TJK69Sk6,1965be8bfa54a425733a84232f12ef42e8407e6fcdd10cb94eb278792754ba6f,"10,000.00"
Vector 2 (EJon/HBK),2026-05-17 09:31:48,Gs4 → TJK69Sk6,42c7e5ad79831c3ee6a111c6c96aa036cbe946edbeed2b63174fb694b9a1580b,"3,262,074.00"
Vector 2 (EJon/HBK),2026-05-16 04:10:09,TJK69Sk6 → new address (TLqhGbL),d44cbee346ee48804d04d4a72e933787ae8b350be424982b6d1e27772abb039e,"7,000.00"
Vector 2 (EJon/HBK),2026-05-16 05:49:24,TJK69Sk6 → new address (TLqhGbL),dba192c56e3daca628f4973949a8fe6b080c667fdd93d1988976af0f0221beda,"3,198,208.00"
Vector 2 (EJon/HBK),2026-05-16 06:24:30,TJK69Sk6 → new address (TLqhGbL),7b04fa917c4f14a9f319f528ba42681fb256ac35d309a95f73f4ef21820402f6,"4,201,100.00"
Vector 2 (EJon/HBK),2026-05-16 07:51:18,TJK69Sk6 → new address (TLqhGbL),ea1cb0d22c9063bc5e1b9f53e7dcb3b558a5b8081750f8d4579f0dcee1ecd2f9,"1,919,000.00"
Vector 2 (EJon/HBK),2026-05-16 09:09:45,TJK69Sk6 → new address (TLqhGbL),079edb66aa5d0bfb80aaf1e58f0d8b0121a5414d5dc0a68156aa11955d9fab59,"2,496,488.00"
Vector 2 (EJon/HBK),2026-05-16 10:08:51,TJK69Sk6 → new address (TLqhGbL),1114b18899b7f48a695739abbdb8954a29ca6e3021db5a44c08fac39b04a181e,"1,985,969.00"
Vector 2 (EJon/HBK),2026-05-16 10:16:48,TJK69Sk6 → new address (TLqhGbL),be9429143abcf0e19d3b5f4dd7e684979d472ab87ba0bcf001615a93377c2358,"100,000.00"
Vector 2 (EJon/HBK),2026-05-16 11:15:18,TJK69Sk6 → new address (TLqhGbL),999f5ee0c5bdacff00ba8d9fc1e4834f829909c067e162d94691bb113dd9c44f,"1,190,000.00"
Vector 2 (EJon/HBK),2026-05-17 04:52:21,TJK69Sk6 → new address (TLqhGbL),c32386a14dba34e1fbfae25a7a118e54fe3a787103167cad120f143fa4c05d83,"9,000.00"
Vector 2 (EJon/HBK),2026-05-17 09:33:54,TJK69Sk6 → new address (TLqhGbL),5c3f5af38b3bfdb8b0f669cfd7212dbe65d7b05bc8ebd526a2ae98deac6f8d4a,"3,263,074.00"
Vector 2 (EJon/HBK),2026-05-16 04:12:27,TFBLE5wF → THtAU (parallel pipe),12e1612c2899c2b30582ba2a09dec43aef9d90ec5c86c50b2d1cf06277eb6f5a,"4,000.00"
Vector 2 (EJon/HBK),2026-05-16 05:53:00,TFBLE5wF → THtAU (parallel pipe),d0f7ecd75ff2ed58e4da6446584c79392870f24842a78e1b27e1c474987a8576,"3,201,000.00"
Vector 2 (EJon/HBK),2026-05-16 06:26:33,TFBLE5wF → THtAU (parallel pipe),37f099eb83a6d4574cd5f7e767b5823e194539639b39003694751cc3a0b7d48f,"4,201,100.00"
Vector 2 (EJon/HBK),2026-05-16 07:52:54,TFBLE5wF → THtAU (parallel pipe),8c38601596f67cf203a2226dab4dd92ee504871aed5d2b3fc07074155ca07bc5,"1,919,100.00"
Vector 2 (EJon/HBK),2026-05-16 09:13:09,TFBLE5wF → THtAU (parallel pipe),4fa8c2f82116596dd5dddc0ba0cce744b5322af5cf0965a249bf13db8e7a2c12,"2,496,458.00"
Vector 2 (EJon/HBK),2026-05-16 10:14:00,TFBLE5wF → THtAU (parallel pipe),e6732e2ef6905f50b6fd2dc6a0ddc03e795fbf118997c5be3e3ffba8e08f7fb7,"1,986,107.00"
Vector 2 (EJon/HBK),2026-05-16 10:18:12,TFBLE5wF → THtAU (parallel pipe),e3ca31bca9248c2e86663e6d2c121bb4afba7f19986095bd8e17520338d697b4,"100,000.00"
Vector 2 (EJon/HBK),2026-05-16 11:16:27,TFBLE5wF → THtAU (parallel pipe),10332db5c80b3dc82963d18827a8899ef5f2a278ea23370d5dd468eead0e1f32,"1,190,000.00"
Vector 2 (EJon/HBK),2026-05-17 04:54:03,TFBLE5wF → THtAU (parallel pipe),cc883bb9d6950e890c23383dca8dbc94548853498914f86e138d8bb6f1e4fc7a,"5,000.00"
Vector 2 (EJon/HBK),2026-05-17 09:35:33,TFBLE5wF → THtAU (parallel pipe),07a59d8c5d8d2e8b80847a254db56f94c383ef02bd0f8de2f78d13cf003d59ca,"3,267,074.00"
Vector 2 (EJon/HBK),2026-05-16 05:12:21,THtAU → main recipient (TJbRpiWshh),3308177f99262d0b559b093453d8c34d07c05d2263d20966b8be5ed4dec65f1a,"1,500.00"
Vector 2 (EJon/HBK),2026-05-16 05:53:42,THtAU → main recipient (TJbRpiWshh),227c883d7a5c8a6ddea4276a655a67c02901bebeebfc81d6a0abba6d72a06501,"3,202,000.00"
Vector 2 (EJon/HBK),2026-05-16 06:34:54,THtAU → main recipient (TJbRpiWshh),640a67432598e408879d4ece179def24971e06e9eff1c6c18339213464dfd334,"4,202,000.00"
Vector 2 (EJon/HBK),2026-05-16 08:02:27,THtAU → main recipient (TJbRpiWshh),e678b91df658f0da8175a0329ae23ae4a157bc5ceaa3e67f384831b251b7f4c4,"1,919,500.00"
Vector 2 (EJon/HBK),2026-05-16 09:15:03,THtAU → main recipient (TJbRpiWshh),db5e95ef11d9843c2917b6efc3b6c1b1513c30de0ee66d9b505c48cbb37f8b5d,"2,490,000.00"
Vector 2 (EJon/HBK),2026-05-16 10:19:12,THtAU → main recipient (TJbRpiWshh),2c2fb805b00ca63e653aa89654d17ede5b681a97311dc523fafd4808f3559e50,"2,092,765.00"
Vector 2 (EJon/HBK),2026-05-16 11:17:03,THtAU → main recipient (TJbRpiWshh),bcd1872e880138885cafc6904d564cab7ed5a9066b6ac544e87e75aaf7aee513,"1,190,000.00"
Vector 2 (EJon/HBK),2026-05-17 06:00:18,THtAU → oRx,41a345209e7f8c5bec0f6486f0852860c8c76c46466219b3428b187c419edd09,"2,000.00"
Vector 2 (EJon/HBK),2026-05-17 09:36:27,THtAU → oRx,a0d0bf8c287e028b60c9493bc05f883a140f0f41bbee3bf63d799c25d7409023,"3,270,074.00"
Vector 2 (EJon/HBK),2026-05-19 07:43:09,oRx → JEk (after USDD swap),8c00b0e1b41049b773b3c3bc093fce3067aebbca105704ad283dcae92e8dbebc,100.00
Vector 2 (EJon/HBK),2026-05-19 07:45:51,oRx → JEk (after USDD swap),99ca607df85de64e8673bd9a93fd7ccb4fe986600e57b06a45e2aea270899ca0,"3,271,954.00"
Vector 2 (EJon/HBK),2026-05-18 04:01:21,Uojk → 1w6,b451271f778d150cee45ef0f41ce3e8290005a61421400c432b7e49c9a4c5b23,"1,500.00"
Vector 2 (EJon/HBK),2026-05-18 04:14:36,Uojk → 1w6,88e0819a75cbd06d5e27eaf0b747c9f932f3ddd1c4eb44a770df1b8de7940c4b,"2,122,000.00"
Vector 2 (EJon/HBK),2026-05-18 04:24:30,Uojk → 1w6,5ec42e3361cb58e593ea0038991046f810f14dbe5be250afc2ef57791e65c1ea,"6,000,000.00"
Vector 2 (EJon/HBK),2026-05-18 04:29:12,Uojk → 1w6,557453dededc0ae8c31fef8d1b7ae75e0a9331065ae326e335643ba0e0cda825,"3,011,800.00"
Vector 2 (EJon/HBK),2026-05-18 04:50:57,Uojk → 1w6,204094e9e5236975b7fb7e3ed92e5a1368676fa880b7572613819e751a824502,"2,912,000.00"
Vector 2 (EJon/HBK),2026-05-18 05:08:03,Uojk → 1w6,8cfe68b7881a6f60e1778654861dd8545f7e26e71d8f5270721bd1c75efde06e,"2,602,500.00"
Vector 2 (EJon/HBK),2026-05-18 05:31:33,Uojk → 1w6,d4675e3b53a4c99ee16416e42ead37585ec0e7f274f2e1bd3cf5e5cb2a95d1f9,"3,708,400.00"
Vector 2 (EJon/HBK),2026-05-18 07:48:09,Uojk → 1w6,102bcd24fe077bbef4829202439468319546d2e96c1256e4a94d2737086ea15d,"1,981,100.00"
Vector 2 (EJon/HBK),2026-05-18 09:13:33,Uojk → 1w6,02cae8c0b2c47e64dc30c2500d26de60e770290d38047bde5450fff4ff2baf2c,"3,435,621.00"
Vector 2 (EJon/HBK),2026-05-18 09:49:03,Uojk → 1w6,58fdaea14bea6409e0a20f6c4426d9b83eb48a036cc3a9803424c33274ad1d8e,"200,000.00"
Vector 2 (EJon/HBK),2026-05-18 04:02:00,1w6 → PM4,1b1a8703dd3ec78a2e11dbee8ef7df99929aa49149916038f84de36fa157c608,"1,250.00"
Vector 2 (EJon/HBK),2026-05-18 04:15:48,1w6 → PM4,855f57579321b084bf98a60c98afa274d22001c0918b14aeac4b9e414083c91e,"2,122,000.00"
Vector 2 (EJon/HBK),2026-05-18 04:25:09,1w6 → PM4,2bfb5496ce2db280b3459e82a9881dd7f4e56fe001da8bb068002fc37b18d15a,"5,950,000.00"
Vector 2 (EJon/HBK),2026-05-18 04:30:15,1w6 → PM4,60de11ae118cd7d09b54f8a075c4ef180641b256388dd9a26f4e1630f6c1fde0,"3,060,000.00"
Vector 2 (EJon/HBK),2026-05-18 04:51:57,1w6 → PM4,798c200645ef9ce9e856be34fa50d30aa1bb85028c333cb14ad789a27761b3ca,"2,914,000.00"
Vector 2 (EJon/HBK),2026-05-18 05:16:12,1w6 → PM4,f50eca2d664a0361e8591fb61ab25582a77598e92869ec2f06930777e7f07c14,"2,602,300.00"
Vector 2 (EJon/HBK),2026-05-18 05:34:36,1w6 → PM4,39c777a798761565ec6c3e60e16d242f8531ccc8a83eb0c462d781ddbd1702b6,"3,708,500.00"
Vector 2 (EJon/HBK),2026-05-18 07:50:39,1w6 → PM4,ed912fb01501a4b39d5b7d6087dc3009db0237d5c1f0f33b0004adfe69421796,"1,981,200.00"
Vector 2 (EJon/HBK),2026-05-18 09:44:54,1w6 → PM4,14f494004c76a80a47b829700ea41b72a745b784ab26f4da5d57348ecdfeca10,"3,435,673.00"
Vector 2 (EJon/HBK),2026-05-18 09:50:54,1w6 → PM4,1657787851837d0f82d69a63818cb208a9e8d92dd7ab041e26e451d68284a822,"200,000.00"
Vector 2 (EJon/HBK),2026-05-18 04:03:03,PM4 → ZhH,8de96aba07cc0a4aea4c9c7010162600cb30637694c4b4c0797f1df9b5db2c06,"1,150.00"
Vector 2 (EJon/HBK),2026-05-18 04:17:48,PM4 → ZhH,15ce714d4dd94ec987b4c1ca6483dd3a663f79d2bcb702bdce1c4d4c95f9f81c,"2,122,000.00"
Vector 2 (EJon/HBK),2026-05-18 04:25:48,PM4 → ZhH,ab908e4786316345f7d7680d1db6c1ed34cd2405ec4db2a78fdd9f3114db4bb9,"5,950,000.00"
Vector 2 (EJon/HBK),2026-05-18 04:31:51,PM4 → ZhH,a734a24ee71307d85a65d4349707d5e7203df3e9f7a17f5b6f3b118a98f99092,"3,060,000.00"
Vector 2 (EJon/HBK),2026-05-18 04:53:09,PM4 → ZhH,8a5a9ac4e252cf3ac29a71321608e8edf9d933b7ca2239190cfe0a463be10cf7,"2,914,001.00"
Vector 2 (EJon/HBK),2026-05-18 05:17:24,PM4 → ZhH,46ceb3f1464ff43a400a17ffee83e74875c53015d0d2a5e9cc98adc3234657a9,"2,602,200.00"
Vector 2 (EJon/HBK),2026-05-18 05:35:51,PM4 → ZhH,fb2e2d13a00fbcf251e0fa181e98f4733de209eb5538d09278f26289c37490b5,"3,708,300.00"
Vector 2 (EJon/HBK),2026-05-18 07:51:36,PM4 → ZhH,671a7bed384b1af328735d6779aee45596bcbd0f48999f3aad6832efb125e7c4,"1,981,550.00"
Vector 2 (EJon/HBK),2026-05-18 09:45:36,PM4 → ZhH,7251366cd5d40931d175c1d82afc4b978ac82c795705062c007f0534527a5d58,"3,435,723.00"
Vector 2 (EJon/HBK),2026-05-18 09:51:45,PM4 → ZhH,a3083e8720b9c12138b051cc835c2d320090fbeb795c9c3143da55cacaf0ea46,"200,000.00"
Vector 2 (EJon/HBK),2026-05-21 13:01:03,CQx → veEP (bridge EJon→HBK),2178943a462c2fb20d5c57f5751dbb6e91f3f4ac2489b049764dd96d96d0f6de,"1,000.00"
Vector 2 (EJon/HBK),2026-05-21 13:09:33,CQx → veEP (bridge EJon→HBK),d61efa56a270a9c21b419d92cdb419eb190a49565b7bba148589f4b558b8a261,"499,000.00"
Vector 2 (EJon/HBK),2026-05-21 13:15:09,CQx → veEP (bridge EJon→HBK),1c0e93b96ad2a6178029cedfe06df03950398efc59ea90fbcdf6c2776239f746,"500,000.00"
Vector 2 (EJon/HBK),2026-05-21 13:17:30,CQx → veEP (bridge EJon→HBK),953d0fcae0091685ff15a71564bbaea441dbeb4693f89378658247911066d077,"600,000.00"
Vector 2 (EJon/HBK),2026-05-21 13:22:54,CQx → veEP (bridge EJon→HBK),7c7a23aa9b991db7e86ae61fa63a2f26b9434264cb461d0908d786cefb385ae7,"400,000.00"
Vector 2 (EJon/HBK),2026-05-28 11:13:03,JEk → V3px (bridge HBK→EJon),c0d019766f6fc2e4e88b0e6a56e9a77c420dcb2d65219a27a266435395082a31,500.00
Vector 2 (EJon/HBK),2026-05-28 11:24:54,JEk → V3px (bridge HBK→EJon),6035e296a02744c0a2354b822fb9fabc000e14e0f3932f36dd9b7dca78c4b93c,"4,999,500.00"
