Code,Address,Cluster,F1,F2,F3,F4,F5,Total,Risk
Ak9W,TBzrPEs…X9Ak9W,CoQ,✓,,,✓,,2,High*
4Vda,TK9ew7o…zp4Vda,CoQ,✓,✓,,✓,✓,4,High
6Sqacj,TBzUw6x…6Sqacj,CoQ,✓,✓,,✓,✓,4,High
6a6xbXor,TSF3BXr…6xbXor,CoQ,✓,✓,,✓,✓,4,High
7Kw25,TNHb973…k7Kw25,CoQ,✓,✓,,✓,✓,4,High
7rdiYqF,TJ3YMAm…rdiYqF,CoQ,✓,✓,,✓,✓,4,High
9b9,TFec9Hs…Hjq9b9,CoQ,✓,✓,,✓,,3,High
B4ti,TTw46z5…GmB4ti,CoQ,✓,✓,,✓,,3,High
CoQ,TA6YHqB…v4zCoQ,CoQ,✓,✓,,✓,✓,4,High
EMe73,THe6PUN…vEMe73,CoQ,✓,✓,,✓,,3,High
ERZgs,TRuHu46…cERZgs,CoQ,,✓,✓,✓,,3,High
HcxTTT,TVLmWT7…HcxTTT,CoQ,✓,✓,,,✓,3,High
JaiwKX,TAoJdeG…JaiwKX,CoQ,✓,✓,,✓,✓,4,High
K7uhp,TBiTLVn…YK7uhp,CoQ,✓,✓,,✓,✓,4,High
KNvART,THPYzDX…KNvART,CoQ,✓,✓,,✓,,3,High
Mb5X,TEEh5uy…KqMb5X,CoQ,✓,✓,,✓,✓,4,High
NM4u3,TAonwuu…3NM4u3,CoQ,✓,✓,,✓,✓,4,High
Nv3y,TYiUza4…WoNv3y,CoQ,✓,✓,,✓,✓,4,High
ScRe,TNFpo7E…weScRe,CoQ,✓,✓,,✓,,3,High
T1jcxz,TFM2VSQ…T1jcxz,CoQ,,✓,,✓,✓,3,High
T7w5K,TJsDfzP…uT7w5K,CoQ,✓,✓,,✓,✓,4,High
T9zLBX75Ko,T9zLBXH…nr75Ko,CoQ,✓,✓,,✓,,3,High
TG56ZdZbzq,TG56ZdZ…1RXz4w,CoQ,✓,✓,,✓,✓,4,High
TGs841dgSC,TGs841d…TSteUu,CoQ,✓,,,✓,✓,3,High
THnK9Qoc,THnK9Qo…gvLBvX,CoQ,✓,✓,,✓,,3,High
TKLMCvmqop,TKLMCvm…BdSCQS,CoQ,✓,✓,,✓,✓,4,High
TLRrGf45VS,TLRrGf4…GMtdCA,CoQ,✓,,,✓,✓,3,High
TN3PNzPeB5,TN3PNzc…L3PeB5,CoQ,✓,✓,,✓,,3,High
TNEJrqt,TRUSXZT…NEJrqt,CoQ,✓,✓,,✓,✓,4,High
TQsFZ2Edo3,TQsFZ2E…ZAHPSL,CoQ,✓,,,✓,✓,3,High
TWfaXtYf1H,TWfaXtY…b7X8xn,CoQ,✓,,,✓,✓,3,High
TYuPudXPo9,TYuPudX…kXuj4R,CoQ,✓,,,✓,✓,3,High
UYTt,TDDv2bE…taUYTt,CoQ,✓,✓,,✓,✓,4,High
UumTn,TNDPF3y…wUumTn,CoQ,✓,✓,,✓,✓,4,High
VKUf7,TSr6G2S…nVKUf7,CoQ,,✓,✓,✓,,3,High
WPwHM,TGKZwke…rWPwHM,CoQ,✓,✓,,✓,✓,4,High
ZxP4r5,TNJXGPC…ZxP4r5,CoQ,✓,✓,,✓,✓,4,High
dZysjy,TAr3K2K…dZysjy,CoQ,,✓,✓,✓,,3,High
hcct1Tfs,TA5ENDK…ct1Tfs,CoQ,✓,✓,,✓,✓,4,High
i76j5A,TC3pdXs…i76j5A,CoQ,✓,✓,,✓,✓,4,High
RqM,TCgLYej…47kRqM,EJon,✓,✓,,,✓,3,High
cxFH,TNKsRav…AXcxFH,EJon,✓,✓,,✓,,3,High
1w6,TE5XmXb…eRJ1w6,HBK,✓,✓,,✓,,3,High
Gs4,TFzkvma…evfGs4,HBK,✓,✓,,✓,,3,High
PM4,TQp4Pnt…dTvPM4,HBK,✓,✓,,✓,,3,High
UnPt,THE7N9s…QaUnPt,HBK,✓,✓,✓,✓,,4,High
Uojk,TXzbetD…6aUojk,HBK,✓,✓,,✓,,3,High
ZhH,TFWoWin…nPSZqH,HBK,✓,✓,,✓,,3,High
whr,TD1KSKg…1MGwhr,HBK,✓,✓,,✓,,3,High
38Ys,TJBeS6Z…wx38Ys,CoQ,✓,,✓,,,2,Medium
6Fyq,TPC3DJg…qr6Fyq,CoQ,✓,,,✓,,2,Medium
73vJ,TT73nTN…1L73vJ,CoQ,✓,,,✓,,2,Medium
BinanceDep,TJq8Bye…xYRP3r,CoQ,,✓,,,✓,2,Medium
ERZgs-NEAR,TQmkSe3…fXDyCq,CoQ,,,✓,✓,,2,Medium
TAF47UqPN6,TAF47UW…68qPN6,CoQ,,✓,,✓,,2,Medium
TAMBS1SAsw,TAMBS1p…LPSAsw,CoQ,,✓,,✓,,2,Medium
TAMThpoG9F,TAMThpK…mSoG9F,CoQ,,✓,,✓,,2,Medium
TAWTABN8y4,TAWTABa…UFN8y4,CoQ,,✓,,✓,,2,Medium
TAbqrMWoRJ,TAbqrMk…CMWoRJ,CoQ,,✓,,✓,,2,Medium
TAmPxj8xut,TAmPxjK…Mr8xut,CoQ,,✓,,✓,,2,Medium
TAmZH87yjZ,TAmZH83…RX7yjZ,CoQ,,✓,,✓,,2,Medium
TAmhanhnKK,TAmhanp…qKhnKK,CoQ,,✓,,✓,,2,Medium
TAnrpmnpic,TAnrpmC…R5npic,CoQ,,✓,,✓,,2,Medium
TB1aqjuuPn,TB1aqjz…cJuuPn,CoQ,,✓,,✓,,2,Medium
TB2jvJEvhb,TB2jvJY…APEvhb,CoQ,,✓,,✓,,2,Medium
TBPUe5VPwH,TBPUe5x…tKVPwH,CoQ,,✓,,✓,,2,Medium
TBRiNKok9t,TBRiNKk…Dhok9t,CoQ,,✓,,✓,,2,Medium
TBXXcG1hZD,TBXXcGZ…BG1hZD,CoQ,,✓,,✓,,2,Medium
TBaSFBoYkr,TBaSFBg…RdoYkr,CoQ,,✓,,✓,,2,Medium
TBro51Z1Y4,TBro51f…jyZ1Y4,CoQ,,✓,,✓,,2,Medium
TC1Nbndags,TC1Nbne…xtdags,CoQ,,✓,,✓,,2,Medium
TCLYoxd3Sy,TCLYoxT…7Rd3Sy,CoQ,,✓,,✓,,2,Medium
TCLavA2Pso,TCLavAY…ab2Pso,CoQ,,✓,,✓,,2,Medium
TCeR2FVE36,TCeR2FR…wtVE36,CoQ,,✓,,✓,,2,Medium
TCwTqV2S7e,TCwTqVw…JK2S7e,CoQ,,✓,,✓,,2,Medium
TDCXLmtg,TDCXLmt…J5UbDf,CoQ,,✓,,✓,✓,3,High
TDKCFqdy,TDKCFqd…N2ZP5H,CoQ,✓,,,✓,,2,Medium
TDWr5xLFgk,TDWr5xM…feLFgk,CoQ,,✓,,✓,,2,Medium
TDgQHRfWGC,TDgQHRi…4cfWGC,CoQ,,✓,,✓,,2,Medium
TE4VAgt54t,TE4VAgi…Hut54t,CoQ,,✓,,✓,,2,Medium
TEPTpRc4xw,TEPTpRP…Unc4xw,CoQ,,✓,,✓,,2,Medium
TEbm3AXDkr,TEbm3AM…1KXDkr,CoQ,,✓,,✓,,2,Medium
TErL36NZNS,TErL36P…ahNZNS,CoQ,,✓,,✓,,2,Medium
TEw7VZ8C8y,TEw7VZa…Xy8C8y,CoQ,,✓,,✓,,2,Medium
TFPwrcA79q,TFPwrcp…dzA79q,CoQ,,✓,,✓,,2,Medium
TFQwvJCpC4,TFQwvJa…HPCpC4,CoQ,,✓,,✓,,2,Medium
TFT7bocPVu,TFT7boc…FLcPVu,CoQ,,✓,,✓,,2,Medium
TFYQs62M8b,TFYQs6V…vL2M8b,CoQ,,✓,,✓,,2,Medium
TG4XFefVxm,TG4XFeG…j5fVxm,CoQ,,✓,,✓,,2,Medium
TGJ1cFUFom,TGJ1cFV…xSUFom,CoQ,,✓,,✓,,2,Medium
TGZbwiNuCc,TGZbwij…DnNuCc,CoQ,,✓,,✓,,2,Medium
TGeDggPvha,TGeDgg3…pJPvha,CoQ,,✓,,✓,,2,Medium
TGno18UnbF,TGno18a…QdUnbF,CoQ,,✓,,✓,,2,Medium
THDGgq5C,THDGgq5…VZynh3,CoQ,,,,✓,✓,2,Medium
THK4D5jtTj,THK4D5A…hTjtTj,CoQ,,✓,,✓,,2,Medium
THNWe5JTXQ,THNWe5Q…gKJTXQ,CoQ,,✓,,✓,,2,Medium
THkSW85s,THkSW85…NgTvep,CoQ,✓,,,✓,✓,3,High
THqjWhgWLd,THqjWhi…u1gWLd,CoQ,,✓,,✓,,2,Medium
THsta6i5KV,THsta6H…Mmi5KV,CoQ,,✓,,✓,,2,Medium
TJKyhMNRea,TJKyhMx…SsNRea,CoQ,,✓,,✓,,2,Medium
TJNctZ8o,TJNctZ8…AgLFHq,CoQ,,✓,,✓,,2,Medium
TJVEkGTdLn,TJVEkGv…95TdLn,CoQ,,✓,,✓,,2,Medium
TJXfqziEVA,TJXfqzy…mMiEVA,CoQ,,✓,,✓,,2,Medium
TJmX6aKw,TJmX6aK…eCVGzC,CoQ,,✓,,✓,,2,Medium
TJxPESpfGE,TJxPESw…TQpfGE,CoQ,,✓,,✓,,2,Medium
TK5JbZGEyt,TK5JbZ7…BhGEyt,CoQ,,✓,,✓,,2,Medium
TKUQ3EZejr,TKUQ3EF…sbZejr,CoQ,,✓,,✓,,2,Medium
TL13LT2kbs,TL13LTz…4w2kbs,CoQ,,✓,,✓,,2,Medium
TL6ja1kcRS,TL6ja1G…UckcRS,CoQ,,✓,,✓,,2,Medium
TLTHqNMUgE,TLTHqNi…2JMUgE,CoQ,,✓,,✓,,2,Medium
TLh8o76N8J,TLh8o7V…qT6N8J,CoQ,,✓,,✓,,2,Medium
TLmMLwJzF8,TLmMLwC…A9JzF8,CoQ,,✓,,✓,,2,Medium
TLpeJueUb7,TLpeJud…czeUb7,CoQ,,✓,,✓,,2,Medium
TM1mqchT7o,TM1mqcL…QAhT7o,CoQ,,✓,,✓,,2,Medium
TMAtKK9iLi,TMAtKKD…Qv9iLi,CoQ,,✓,,✓,,2,Medium
TMJ1bxb1TJ,TMJ1bxf…Rnb1TJ,CoQ,,✓,,✓,,2,Medium
TMLRj9seeK,TMLRj9o…Z8seeK,CoQ,,✓,,✓,,2,Medium
TMW5Qs1ENo,TMW5Qs6…Uv1ENo,CoQ,,✓,,✓,,2,Medium
TMcmUnJHgr,TMcmUnT…seJHgr,CoQ,,✓,,✓,,2,Medium
TMpHmtrABa,TMpHmtb…61rABa,CoQ,,✓,,✓,,2,Medium
TMyTusZovf,TMyTusV…JrZovf,CoQ,,✓,,✓,,2,Medium
TNBo4DBZ8R,TNBo4DZ…a2BZ8R,CoQ,,✓,,✓,,2,Medium
TNGSk5RicQ,TNGSk5Z…avRicQ,CoQ,,✓,,✓,,2,Medium
TNZCLFRCpd,TNZCLF2…B7RCpd,CoQ,,✓,,✓,,2,Medium
TNst5rL19S,TNst5rC…JpL19S,CoQ,,✓,,✓,,2,Medium
TNy7WFwUGy,TNy7WFn…LxwUGy,CoQ,,✓,,✓,,2,Medium
TNyprw9Hz2,TNyprw4…W19Hz2,CoQ,,✓,,✓,,2,Medium
TPEAf6spVd,TPEAf6v…DispVd,CoQ,,✓,,✓,,2,Medium
TPP2yRXHyi,TPP2yRA…GbXHyi,CoQ,,✓,,✓,,2,Medium
TPh9Cdb6aJ,TPh9Cdf…rCb6aJ,CoQ,,✓,,✓,,2,Medium
TPomx2nX4F,TPomx2d…uknX4F,CoQ,,✓,,✓,,2,Medium
TPqVNvSA,TPqVNvS…dfmF1M,CoQ,✓,,,✓,,2,Medium
TPqaj3x6dn,TPqaj3Z…G2x6dn,CoQ,,✓,,✓,,2,Medium
TPxFDaifXB,TPxFDay…S3ifXB,CoQ,,✓,,✓,,2,Medium
TPzyajVDwQ,TPzyajy…ouVDwQ,CoQ,,✓,,✓,,2,Medium
TQ9FdCBvuz,TQ9FdC2…nRBvuz,CoQ,,✓,,✓,,2,Medium
TQ9nuKWcrJ,TQ9nuKn…9LWcrJ,CoQ,,✓,,✓,,2,Medium
TQHY9iXTic,TQHY9io…HMXTic,CoQ,,✓,,✓,,2,Medium
TQHfHX8oJb,TQHfHXK…RP8oJb,CoQ,,✓,,✓,,2,Medium
TQMN7yNHG5,TQMN7yy…QENHG5,CoQ,,✓,,✓,,2,Medium
TQY7GG2dLC,TQY7GGm…MP2dLC,CoQ,,✓,,✓,,2,Medium
TQsvow4Ffv,TQsvows…4F4Ffv,CoQ,,✓,,✓,,2,Medium
TQvkSzKNsG,TQvkSzw…61KNsG,CoQ,,✓,,✓,,2,Medium
TQxkmibWuC,TQxkmis…VHbWuC,CoQ,,✓,,✓,,2,Medium
TR8iDAeQdH,TR8iDAU…cMeQdH,CoQ,,✓,,✓,,2,Medium
TRPUgb8Bjg,TRPUgbZ…zQ8Bjg,CoQ,,✓,,✓,,2,Medium
TRbkQLpAkT,TRbkQLc…R9pAkT,CoQ,,✓,,✓,,2,Medium
TRkdz784eW,TRkdz7J…W484eW,CoQ,,✓,,✓,,2,Medium
TRkeqRkUdb,TRkeqRz…8UkUdb,CoQ,,✓,,✓,,2,Medium
TRvxEsC2Su,TRvxEsA…PWC2Su,CoQ,,✓,,✓,,2,Medium
TRympoL41U,TRympoU…dhL41U,CoQ,,✓,,✓,,2,Medium
TS1WSphszq,TS1WSp2…5Nhszq,CoQ,,✓,,✓,,2,Medium
TS3gQPHonq,TS3gQPJ…cfHonq,CoQ,,✓,,✓,,2,Medium
TS835enrGe,TS835eT…MHnrGe,CoQ,,✓,,✓,,2,Medium
TSG7DV634X,TSG7DVF…Xk634X,CoQ,,✓,,✓,,2,Medium
TSPyoazu5v,TSPyoah…zvzu5v,CoQ,,✓,,✓,,2,Medium
TSbSKGCQen,TSbSKGh…jkCQen,CoQ,,✓,,✓,,2,Medium
TSe7MbM7yD,TSe7Mbm…F7M7yD,CoQ,,✓,,✓,,2,Medium
TSgvMxNRei,TSgvMxU…pbNRei,CoQ,,✓,,✓,,2,Medium
TSjQTMaqqE,TSjQTMC…nWaqqE,CoQ,,✓,,✓,,2,Medium
TT7M9hMZmZ,TT7M9hK…CWMZmZ,CoQ,,✓,,✓,,2,Medium
TTXVuTgwhT,TTXVuT5…PqgwhT,CoQ,,✓,,✓,,2,Medium
TTZGF7m5WU,TTZGF7j…gYm5WU,CoQ,,✓,,✓,,2,Medium
TTcgnLnbpv,TTcgnLB…pWnbpv,CoQ,,✓,,✓,,2,Medium
TTpVCJAHM4,TTpVCJC…ZDAHM4,CoQ,,✓,,✓,,2,Medium
TTsSobMwTF,TTsSobP…oqMwTF,CoQ,,✓,,✓,,2,Medium
TTxmaVVs5J,TTxmaVF…cxVs5J,CoQ,,✓,,✓,,2,Medium
TTxt9kjcWA,TTxt9k7…s2jcWA,CoQ,,✓,,✓,,2,Medium
TU1953oLTN,TU1953k…vcoLTN,CoQ,,✓,,✓,,2,Medium
TU1T2zQZ7b,TU1T2zc…fbQZ7b,CoQ,,✓,,✓,,2,Medium
TU6qzx3C,TU6qzx3…WzCSzU,CoQ,,✓,,✓,,2,Medium
TULnxeFJKY,TULnxeP…fvFJKY,CoQ,,✓,,✓,,2,Medium
TUVJuEPdPW,TUVJuEr…tfPdPW,CoQ,,✓,,✓,,2,Medium
TUi3Zho1G6,TUi3Zhj…fBo1G6,CoQ,,✓,,✓,,2,Medium
TUvXZ4hafr,TUvXZ49…5Lhafr,CoQ,,✓,,✓,,2,Medium
TUweJ3FGyS,TUweJ3b…dLFGyS,CoQ,,✓,,✓,,2,Medium
TVAQxDA7Nm,TVAQxDS…TUA7Nm,CoQ,,✓,,✓,,2,Medium
TVC5bDGBfR,TVC5bD3…a9GBfR,CoQ,,✓,,✓,,2,Medium
TVE59a2X6y,TVE59au…vy2X6y,CoQ,,✓,,✓,,2,Medium
TVHUXJ9reV,TVHUXJS…kF9reV,CoQ,,✓,,✓,,2,Medium
TVUAC7QYMU,TVUAC7b…jzQYMU,CoQ,,✓,,✓,,2,Medium
TVVxobiaFb,TVVxobU…uRiaFb,CoQ,,✓,,✓,,2,Medium
TVe6r5HApv,TVe6r5S…pMHApv,CoQ,,✓,,✓,,2,Medium
TW9bExjujt,TW9bExF…msjujt,CoQ,,✓,,✓,,2,Medium
TWS3McLdHY,TWS3Mca…Z8LdHY,CoQ,,✓,,✓,,2,Medium
TWU63qhAA1,TWU63q4…1AhAA1,CoQ,,✓,,✓,,2,Medium
TWaS7X2GKJ,TWaS7XG…yt2GKJ,CoQ,,✓,,✓,,2,Medium
TWorezQ8Jb,TWorezi…ZEQ8Jb,CoQ,,✓,,✓,,2,Medium
TWpkNxMaM3,TWpkNxT…6MMaM3,CoQ,,✓,,✓,,2,Medium
TXSE4x9pUK,TXSE4xJ…489pUK,CoQ,,✓,,✓,,2,Medium
TXhkyaNjgz,TXhkyaR…efNjgz,CoQ,,✓,,✓,,2,Medium
TY7VH8Nihe,TY7VH8G…soNihe,CoQ,,✓,,✓,,2,Medium
TYY8BAaGrZ,TYY8BAC…x2aGrZ,CoQ,,✓,,✓,,2,Medium
TYdgj25mCp,TYdgj27…Y75mCp,CoQ,,✓,,✓,,2,Medium
TYeu8uwSww,TYeu8ub…TqwSww,CoQ,,✓,,✓,,2,Medium
TYiqoRRFGi,TYiqoRT…hJRFGi,CoQ,,✓,,✓,,2,Medium
TYpgGbJXg5,TYpgGbM…n4JXg5,CoQ,,✓,,✓,,2,Medium
TYyzJzS3yv,TYyzJze…xsS3yv,CoQ,,✓,,✓,,2,Medium
TZFcqaknTr,TZFcqaY…GWknTr,CoQ,,✓,,✓,,2,Medium
TZGQJyBU,TZGQJyB…qrc8PK,CoQ,,✓,,✓,,2,Medium
Uo1qx,TEv5V9G…jUo1qx,CoQ,✓,✓,,,,2,Medium
Va25,TL71QAu…PrVa25,CoQ,✓,✓,,,,2,Medium
dZysjy-NEAR,TTbXgTs…UAaYpz,CoQ,,,✓,✓,,2,Medium
hKsV,TRzbRJ7…3PhKsV,CoQ,✓,,,✓,,2,Medium
lt9,TV4qmfU…8iS5hT,CoQ,,,,,✓,1,Low/watch
qEYr,TDWEVtU…48qEYr,CoQ,✓,,,✓,,2,Medium
vRykCw,TRjbpWL…HRykCw,CoQ,✓,,,✓,,2,Medium
CQx,TScMFDA…yV2CQx,EJon,✓,,,,✓,2,Medium
EJon,TNsMc9R…yqEJon,EJon,✓,,,,✓,2,Medium
TBR7B5,TBR7B5N…XFFFyo,EJon,✓,✓,,,,2,Medium
TJk93DPY,TJk93DP…BBaYNH,EJon,,,,✓,✓,2,Medium
cuPqt,TVP6JAm…ZcuPqt,EJon,✓,,,✓,,2,Medium
TJK69Sk6,TJK69Sk…8jhZDu,HBK,✓,,,✓,,2,Medium
oRx,TCR2MdQ…uC9oRx,HBK,,,✓,✓,,2,Medium
veEP,TM77iQZ…9oveEP,HBK,✓,,,✓,,2,Medium
7Jqsh,TVeA9Cf…47Jqsh,CoQ,,,,✓,,1,Low/watch
Au5JRG,TScGCh3…Au5JRG,CoQ,,,,✓,,1,Low/watch
BinHW_qrr6,TDqSquX…dkhSCf,CoQ,,,,,✓,1,Low/watch
GpyTjk,TSNjMmo…GpyTjk,CoQ,,,,,,0,Low/watch
Sj61,TF5iHud…mnSj61,CoQ,,,,✓,,1,Low/watch
TAJpZ2FfKz,TAJpZ2B…n9FfKz,CoQ,,,,✓,,1,Low/watch
TAKhiyYUre,TAKhiyz…BLYUre,CoQ,,,,✓,,1,Low/watch
TAU2DWAjay,TAU2DW7…VTAjay,CoQ,,,,✓,,1,Low/watch
TAYm33dhoD,TAYm33F…ESdhoD,CoQ,,,,✓,,1,Low/watch
TAb37RA7KN,TAb37Rk…PwA7KN,CoQ,,,,✓,,1,Low/watch
TAj17eDULp,TAj17eq…d9DULp,CoQ,,,,✓,,1,Low/watch
TAjqXJEn8q,TAjqXJZ…yhEn8q,CoQ,,,,,,0,Low/watch
TB1X965dGn,TB1X96q…cQ5dGn,CoQ,,,,✓,,1,Low/watch
TB4bBZ77Tj,TB4bBZi…CA77Tj,CoQ,,,,✓,,1,Low/watch
TB717tj3wV,TB717ty…22j3wV,CoQ,,,,,,0,Low/watch
TBBWBtkgz6,TBBWBtr…U8kgz6,CoQ,,,,✓,,1,Low/watch
TBEeeWzoxb,TBEeeWe…hVzoxb,CoQ,,,,✓,,1,Low/watch
TBEkaqjr2f,TBEkaqp…Akjr2f,CoQ,,,,✓,,1,Low/watch
TBK9aUT3C6,TBK9aUY…FuT3C6,CoQ,,,,✓,,1,Low/watch
TBMArzkxjh,TBMArzp…Sakxjh,CoQ,,,,✓,,1,Low/watch
TBNuByankb,TBNuByr…8Tankb,CoQ,,,,✓,,1,Low/watch
TBPKBUEbwi,TBPKBUV…ioEbwi,CoQ,,,,✓,,1,Low/watch
TBQByStGPW,TBQByS6…tGtGPW,CoQ,,,,✓,,1,Low/watch
TBRDXXWKBr,TBRDXX2…QQWKBr,CoQ,,,,✓,,1,Low/watch
TBZ4vNsSeb,TBZ4vN2…WnsSeb,CoQ,,,,✓,,1,Low/watch
TBs1MGRae2,TBs1MGZ…CbRae2,CoQ,,,,✓,,1,Low/watch
TBv8k1u8PU,TBv8k1c…EMu8PU,CoQ,,,,✓,,1,Low/watch
TC39WGMdmt,TC39WG4…WUMdmt,CoQ,,,,✓,,1,Low/watch
TC4m139uHL,TC4m13x…rN9uHL,CoQ,,,,✓,,1,Low/watch
TC7oqFMadB,TC7oqFG…c1MadB,CoQ,,,,✓,,1,Low/watch
TCEGtoCaWz,TCEGto1…miCaWz,CoQ,,,,✓,,1,Low/watch
TCETAbtksa,TCETAbG…Kgtksa,CoQ,,,,✓,,1,Low/watch
TCEZFnTbFo,TCEZFnY…4STbFo,CoQ,,,,✓,,1,Low/watch
TCoVUeQx6n,TCoVUed…qCQx6n,CoQ,,,,✓,,1,Low/watch
TCpqJCkff6,TCpqJC8…Y1kff6,CoQ,,,,✓,,1,Low/watch
TCv3TV5daz,TCv3TVm…xH5daz,CoQ,,,,✓,,1,Low/watch
TCwUbY39EV,TCwUbYG…x539EV,CoQ,,,,✓,,1,Low/watch
TD2tYTwghV,TD2tYTb…JpwghV,CoQ,,,,✓,,1,Low/watch
TD9T2NaqU2,TD9T2NA…EzaqU2,CoQ,,,,✓,,1,Low/watch
TDPkh7kutE,TDPkh7T…NdkutE,CoQ,,,,✓,,1,Low/watch
TDTZ7bie43,TDTZ7bG…ADie43,CoQ,,,,✓,,1,Low/watch
TDb6bvPGFQ,TDb6bvk…BTPGFQ,CoQ,,,,✓,,1,Low/watch
TDbyPvtQRW,TDbyPv7…fttQRW,CoQ,,,,✓,,1,Low/watch
TDpeh2oh2Y,TDpeh2j…rjoh2Y,CoQ,,,,✓,,1,Low/watch
TDrQmJD4JA,TDrQmJj…fdD4JA,CoQ,,,,✓,,1,Low/watch
TDxXX9GbYa,TDxXX9q…MAGbYa,CoQ,,,,✓,,1,Low/watch
TE3eqjETWT,TE3eqj9…i8ETWT,CoQ,,,,✓,,1,Low/watch
TE4KUx3Sfg,TE4KUxj…J83Sfg,CoQ,,,,✓,,1,Low/watch
TE4acQj7k,TE4acQj…HrdgqY,CoQ,,,,✓,,1,Low/watch
TE6iqjUeNX,TE6iqjD…XEUeNX,CoQ,,,,✓,,1,Low/watch
TEFAYs6zgo,TEFAYs3…Hz6zgo,CoQ,,,,✓,,1,Low/watch
TEFnRxDRNS,TEFnRxd…Q6DRNS,CoQ,,,,✓,,1,Low/watch
TELj7dyEFu,TELj7dt…HgyEFu,CoQ,,,,✓,,1,Low/watch
TEMr6teXg,TEMr6te…9SPz5g,CoQ,,,,,,0,Low/watch
TEP74Yo1VX,TEP74YP…KPo1VX,CoQ,,,,✓,,1,Low/watch
TEZwApTGZP,TEZwApc…4fTGZP,CoQ,,,,✓,,1,Low/watch
TEbdumQGwB,TEbdumq…EPQGwB,CoQ,,,,✓,,1,Low/watch
TEcRGJohFz,TEcRGJ2…Z5ohFz,CoQ,,,,✓,,1,Low/watch
TEo7LEKVFc,TEo7LEA…9XKVFc,CoQ,,,,✓,,1,Low/watch
TEuFgTsGED,TEuFgTe…1jsGED,CoQ,,,,✓,,1,Low/watch
TEx9HaT8J6,TEx9Ha8…dTT8J6,CoQ,,,,✓,,1,Low/watch
TF55mBkRh1,TF55mBu…EekRh1,CoQ,,,,✓,,1,Low/watch
TF6FwpaQb4,TF6Fwp1…p5aQb4,CoQ,,,,✓,,1,Low/watch
TF9cRB9WcF,TF9cRBv…EH9WcF,CoQ,,,,✓,,1,Low/watch
TFLuMVJNcR,TFLuMVd…afJNcR,CoQ,,,,✓,,1,Low/watch
TFb7mjXEVQ,TFb7mjN…2cXEVQ,CoQ,,,,✓,,1,Low/watch
TFbmC4GfNK,TFbmC4L…1mGfNK,CoQ,,,,✓,,1,Low/watch
TFe1GwubZt,TFe1GwP…97ubZt,CoQ,,,,✓,,1,Low/watch
TFgnXYnWx7,TFgnXYQ…ernWx7,CoQ,,,,✓,,1,Low/watch
TFhdE6SCvm,TFhdE6N…aySCvm,CoQ,,,,✓,,1,Low/watch
TFkReVfW,TFkReVf…6WUm3b,CoQ,,,,,,0,Low/watch
TFr85dYiQu,TFr85dg…yNYiQu,CoQ,,,,✓,,1,Low/watch
TFuZ78AaKt,TFuZ78w…JvAaKt,CoQ,,,,✓,,1,Low/watch
TFvspWPXvP,TFvspWo…rsPXvP,CoQ,,,,✓,,1,Low/watch
TFvzrQ6Y7S,TFvzrQG…bC6Y7S,CoQ,,,,✓,,1,Low/watch
TFwnFwC3To,TFwnFwY…eAC3To,CoQ,,,,✓,,1,Low/watch
TFzSxw4Tkh,TFzSxwf…zK4Tkh,CoQ,,,,✓,,1,Low/watch
TG4sU1Mbw9,TG4sU1Y…bCMbw9,CoQ,,,,✓,,1,Low/watch
TGGkTP39gr,TGGkTPQ…TW39gr,CoQ,,,,✓,,1,Low/watch
TGLUNbFT,TGLUNbF…GJmoF9,CoQ,,,,✓,,1,Low/watch
TGTZrpPTer,TGTZrp6…11PTer,CoQ,,,,✓,,1,Low/watch
TGUn7YWbjk,TGUn7Yi…PAWbjk,CoQ,,,,✓,,1,Low/watch
TGVMWgCccc,TGVMWgt…6XCccc,CoQ,,,,✓,,1,Low/watch
TGcyduL32i,TGcydud…irL32i,CoQ,,,,✓,,1,Low/watch
TGqMHNepfj,TGqMHNJ…drepfj,CoQ,,,,✓,,1,Low/watch
TGxKtTcUkh,TGxKtTK…MqcUkh,CoQ,,,,✓,,1,Low/watch
TH577ctEPC,TH577cF…pktEPC,CoQ,,,,✓,,1,Low/watch
THB7ytQuAm,THB7ytM…f9QuAm,CoQ,,,,✓,,1,Low/watch
THBb58ufeW,THBb58M…RgufeW,CoQ,,,,✓,,1,Low/watch
THFbKaHaTt,THFbKaW…C9HaTt,CoQ,,,,✓,,1,Low/watch
THFhRH5bhm,THFhRHi…mq5bhm,CoQ,,,,✓,,1,Low/watch
THW9tvMy5V,THW9tv9…ogMy5V,CoQ,,,,✓,,1,Low/watch
THZnGnww1b,THZnGnn…Csww1b,CoQ,,,,✓,,1,Low/watch
THfrCTfQ,THfrCTf…AZPAJN,CoQ,,,,✓,,1,Low/watch
THhDayCsVS,THhDayQ…86CsVS,CoQ,,,,✓,,1,Low/watch
THnFk2tr4m,THnFk2u…T1tr4m,CoQ,,,,✓,,1,Low/watch
THppuweTwh,THppuwZ…mmeTwh,CoQ,,,,✓,,1,Low/watch
THsHC48kyZ,THsHC4Y…vx8kyZ,CoQ,,,,✓,,1,Low/watch
THtgsukvRY,THtgsur…6qkvRY,CoQ,,,,✓,,1,Low/watch
THwA61zdzR,THwA61x…uKzdzR,CoQ,,,,✓,,1,Low/watch
THxzSdJjYH,THxzSdx…WmJjYH,CoQ,,,,✓,,1,Low/watch
TJ1WWGqBP,TJ1WWGq…Tdt7TX,CoQ,,,,,,0,Low/watch
TJ77koVfJW,TJ77ko9…i3VfJW,CoQ,,,,✓,,1,Low/watch
TJ9FR13iad,TJ9FR1b…UE3iad,CoQ,,,,✓,,1,Low/watch
TJPp2va7Xd,TJPp2vf…ZBa7Xd,CoQ,,,,✓,,1,Low/watch
TJRsY1NFdt,TJRsY1F…4UNFdt,CoQ,,,,✓,,1,Low/watch
TJcR28qf5m,TJcR28e…gVqf5m,CoQ,,,,✓,,1,Low/watch
TJdEGDpvkN,TJdEGDw…mqpvkN,CoQ,,,,,,0,Low/watch
TJeyhLnPp1,TJeyhLo…wvnPp1,CoQ,,,,✓,,1,Low/watch
TJfGpSSuEr,TJfGpSh…LVSuEr,CoQ,,,,,,0,Low/watch
TJghFgD1,TJghFgD…LcMimc,CoQ,,,,✓,,1,Low/watch
TJrZkYBPyv,TJrZkYN…G1BPyv,CoQ,,,,✓,,1,Low/watch
TJvGmKnj3Q,TJvGmKm…nynj3Q,CoQ,,,,✓,,1,Low/watch
TK6Mnujd3u,TK6Mnuv…H4jd3u,CoQ,,,,✓,,1,Low/watch
TKBTRGtTdc,TKBTRGx…zAtTdc,CoQ,,,,✓,,1,Low/watch
TKEvGWaRg9,TKEvGWd…LmaRg9,CoQ,,,,✓,,1,Low/watch
TKKkEGe2yc,TKKkEG1…Z3e2yc,CoQ,,,,✓,,1,Low/watch
TKMHGynz25,TKMHGyE…vWnz25,CoQ,,,,✓,,1,Low/watch
TKMoDu32yi,TKMoDu5…D932yi,CoQ,,,,✓,,1,Low/watch
TKNdHRzAwi,TKNdHRY…dCzAwi,CoQ,,,,✓,,1,Low/watch
TKSPuaoesp,TKSPuae…L4oesp,CoQ,,,,✓,,1,Low/watch
TKThu9rkKp,TKThu9N…B4rkKp,CoQ,,,,✓,,1,Low/watch
TKchXnTjJv,TKchXnN…EfTjJv,CoQ,,,,✓,,1,Low/watch
TKeZxYT4Du,TKeZxYW…EsT4Du,CoQ,,,,✓,,1,Low/watch
TKgZ4Leu5h,TKgZ4Lv…uxeu5h,CoQ,,,,✓,,1,Low/watch
TKghEZR4JV,TKghEZ6…xvR4JV,CoQ,,,,✓,,1,Low/watch
TKj79Js7Wg,TKj79JN…i4s7Wg,CoQ,,,,✓,,1,Low/watch
TKzwJa9Rxc,TKzwJaL…W69Rxc,CoQ,,,,✓,,1,Low/watch
TL3BgAsUAD,TL3BgAt…husUAD,CoQ,,,,✓,,1,Low/watch
TL626rqQye,TL626r2…27qQye,CoQ,,,,✓,,1,Low/watch
TL6w5b6iiS,TL6w5bm…6h6iiS,CoQ,,,,✓,,1,Low/watch
TL86UA6K7R,TL86UAm…s86K7R,CoQ,,,,✓,,1,Low/watch
TLRBtjWmwH,TLRBtjJ…vwWmwH,CoQ,,,,✓,,1,Low/watch
TLT1MmroK1,TLT1Mma…JJroK1,CoQ,,,,✓,,1,Low/watch
TLVw4XxxUT,TLVw4XK…HaxxUT,CoQ,,,,✓,,1,Low/watch
TLYsWXxnP8,TLYsWXt…x3xnP8,CoQ,,,,✓,,1,Low/watch
TLamwPyeWJ,TLamwPX…eyyeWJ,CoQ,,,,✓,,1,Low/watch
TLfpSpYWfa,TLfpSp8…xoYWfa,CoQ,,,,✓,,1,Low/watch
TLmvkxCM,TLmvkxC…ySDN2H,CoQ,,,,✓,,1,Low/watch
TLntW98ird,TLntW9Z…828ird,CoQ,✓,,,,,1,Low/watch
TLpLS88Gw3,TLpLS85…bx8Gw3,CoQ,,,,✓,,1,Low/watch
TLw47Ukyin,TLw47UN…ogkyin,CoQ,,,,✓,,1,Low/watch
TM72RiY7k2,TM72Rip…ZVY7k2,CoQ,,,,✓,,1,Low/watch
TMAVV7AfFL,TMAVV7u…nRAfFL,CoQ,,,,✓,,1,Low/watch
TMAWNsQ9wY,TMAWNsZ…2QQ9wY,CoQ,,,,✓,,1,Low/watch
TMB6dhxBPP,TMB6dhw…WZxBPP,CoQ,,,,✓,,1,Low/watch
TMCcpELV5P,TMCcpEf…7GLV5P,CoQ,,,,✓,,1,Low/watch
TMH51NXREo,TMH51NE…CYXREo,CoQ,,,,✓,,1,Low/watch
TMHpSMYRVk,TMHpSMD…PRYRVk,CoQ,,,,✓,,1,Low/watch
TMNYZDmwmc,TMNYZD5…nEmwmc,CoQ,,,,✓,,1,Low/watch
TMR4irXwwh,TMR4irV…hXXwwh,CoQ,,,,✓,,1,Low/watch
TMWYE5b2CW,TMWYE5S…xLb2CW,CoQ,,,,✓,,1,Low/watch
TMXqauEX6R,TMXqaup…o5EX6R,CoQ,,,,✓,,1,Low/watch
TMZKDxxnG4,TMZKDx5…fcxnG4,CoQ,,,,✓,,1,Low/watch
TMadArgCJL,TMadArf…GrgCJL,CoQ,,,,✓,,1,Low/watch
TMf9F2KdqA,TMf9F2F…jGKdqA,CoQ,,,,✓,,1,Low/watch
TMhm5ZyhRM,TMhm5Z8…hcyhRM,CoQ,,,,✓,,1,Low/watch
TMj7mgptFL,TMj7mgk…r5ptFL,CoQ,,,,✓,,1,Low/watch
TMoP6GpyZR,TMoP6GJ…KFpyZR,CoQ,,,,✓,,1,Low/watch
TMsj8RVVBb,TMsj8RM…34VVBb,CoQ,,,,✓,,1,Low/watch
TMuzw3YE74,TMuzw3H…biYE74,CoQ,,,,✓,,1,Low/watch
TN2gHk4N6k,TN2gHkV…rz4N6k,CoQ,,,,✓,,1,Low/watch
TN2pm94PqR,TN2pm94…SA4PqR,CoQ,,,,✓,,1,Low/watch
TN3iR1rYhR,TN3iR1t…VSrYhR,CoQ,,,,✓,,1,Low/watch
TN6RVzgni9,TN6RVzK…GWgni9,CoQ,,,,✓,,1,Low/watch
TNPJ3ZuapB,TNPJ3ZX…VyuapB,CoQ,,,,✓,,1,Low/watch
TNPKJDW1dh,TNPKJDD…rLW1dh,CoQ,,,,✓,,1,Low/watch
TNSySHxFuR,TNSySHf…gkxFuR,CoQ,,,,✓,,1,Low/watch
TNTqtEAEZX,TNTqtEP…zXAEZX,CoQ,,,,✓,,1,Low/watch
TNV6111i9x,TNV611n…Dk1i9x,CoQ,,,,✓,,1,Low/watch
TNtjmfrYUH,TNtjmf8…fGrYUH,CoQ,,,,✓,,1,Low/watch
TNv4kSeozJ,TNv4kSA…pgeozJ,CoQ,,,,✓,,1,Low/watch
TNwYgZiEMB,TNwYgZu…vqiEMB,CoQ,,,,✓,,1,Low/watch
TNyJsMcjQ3,TNyJsMH…BvcjQ3,CoQ,,,,✓,,1,Low/watch
TPACtPiiQd,TPACtPJ…rqiiQd,CoQ,,,,✓,,1,Low/watch
TPD9Eht7bd,TPD9Ehw…v2t7bd,CoQ,,,,✓,,1,Low/watch
TPdsAqkiLF,TPdsAqb…MrkiLF,CoQ,,,,✓,,1,Low/watch
TPgweHELXa,TPgweHc…sVELXa,CoQ,,,,✓,,1,Low/watch
TQ3apmRp1z,TQ3apm2…ZZRp1z,CoQ,,,,✓,,1,Low/watch
TQ5MTi6UmG,TQ5MTiv…sY6UmG,CoQ,,,,✓,,1,Low/watch
TQN1RBdFkw,TQN1RBD…ccdFkw,CoQ,,,,✓,,1,Low/watch
TQWBDF2whd,TQWBDFA…Ru2whd,CoQ,,,,✓,,1,Low/watch
TQacjAU9oZ,TQacjAi…YFU9oZ,CoQ,,,,✓,,1,Low/watch
TQc8rZm2Gv,TQc8rZy…JSm2Gv,CoQ,,,,✓,,1,Low/watch
TQhSxbMovm,TQhSxbt…HXMovm,CoQ,,,,✓,,1,Low/watch
TQmBAwSccq,TQmBAwf…oFSccq,CoQ,,,,✓,,1,Low/watch
TQmVaRFLvL,TQmVaRL…E3FLvL,CoQ,,,,✓,,1,Low/watch
TQqbDcjc6m,TQqbDcm…9qjc6m,CoQ,,,,✓,,1,Low/watch
TQr2xggoAZ,TQr2xgR…CmgoAZ,CoQ,,,,✓,,1,Low/watch
TQxc7uUB,TQxc7uU…oT5nBe,CoQ,,,,✓,,1,Low/watch
TR3hdYeVdE,TR3hdYz…8MeVdE,CoQ,,,,✓,,1,Low/watch
TR4VQBumzr,TR4VQB8…VDumzr,CoQ,,,,✓,,1,Low/watch
TR7NHqLj6t,TR7NHqj…gjLj6t,CoQ,,,,,,0,Low/watch
TRBUNQRTAj,TRBUNQB…mFRTAj,CoQ,,,,✓,,1,Low/watch
TRQMQVsvjc,TRQMQV8…Zgsvjc,CoQ,,,,✓,,1,Low/watch
TRSj8YLU3U,TRSj8Y1…srLU3U,CoQ,,,,✓,,1,Low/watch
TRUtRh7Mq2,TRUtRhe…4b7Mq2,CoQ,,,,✓,,1,Low/watch
TRk2qaZJPH,TRk2qac…BWZJPH,CoQ,,,,✓,,1,Low/watch
TRmgP4m2xQ,TRmgP48…FHm2xQ,CoQ,,,,✓,,1,Low/watch
TRt2AyzXSQ,TRt2AyU…KJzXSQ,CoQ,,,,✓,,1,Low/watch
TS1DqSFCm1,TS1DqSr…h3FCm1,CoQ,,,,✓,,1,Low/watch
TS2Wee6gmX,TS2WeeL…Gu6gmX,CoQ,,,,✓,,1,Low/watch
TSAS249HQG,TSAS24B…aU9HQG,CoQ,,,,✓,,1,Low/watch
TSDrVcBnB7,TSDrVcq…2tBnB7,CoQ,,,,✓,,1,Low/watch
TSTYyMQs8C,TSTYyMG…JMQs8C,CoQ,,,,✓,,1,Low/watch
TSWyniauRj,TSWyniL…2tauRj,CoQ,,,,✓,,1,Low/watch
TSb4A1LTf4,TSb4A1U…AFLTf4,CoQ,,,,✓,,1,Low/watch
TSbmuzHcEm,TSbmuzf…QjHcEm,CoQ,,,,✓,,1,Low/watch
TScYgrZMFC,TScYgr7…9RZMFC,CoQ,,,,✓,,1,Low/watch
TSdPCeHakD,TSdPCe2…rZHakD,CoQ,,,,✓,,1,Low/watch
TSoibPHiAG,TSoibP6…guHiAG,CoQ,,,,✓,,1,Low/watch
TSpBJsptS9,TSpBJst…AZptS9,CoQ,,,,✓,,1,Low/watch
TSu7Ngpox4,TSu7Ngs…Fgpox4,CoQ,,,,✓,,1,Low/watch
TSwwhwQvTx,TSwwhwL…aLQvTx,CoQ,,,,✓,,1,Low/watch
TT4c75Udri,TT4c75y…7RUdri,CoQ,,,,✓,,1,Low/watch
TT6f9vF6SQ,TT6f9vP…usF6SQ,CoQ,,,,✓,,1,Low/watch
TT9q7zoiLi,TT9q7zg…aXoiLi,CoQ,,,,✓,,1,Low/watch
TTB9Jh2Mim,TTB9Jhk…882Mim,CoQ,,,,✓,,1,Low/watch
TTGBAZyc,TTGBAZy…8dJwMJ,CoQ,,,,✓,,1,Low/watch
TTGP4ygAZk,TTGP4yx…EdgAZk,CoQ,,,,✓,,1,Low/watch
TTHU3PNo5H,TTHU3Pn…k7No5H,CoQ,,,,✓,,1,Low/watch
TTWQroHn5C,TTWQro3…4rHn5C,CoQ,,,,✓,,1,Low/watch
TTa1Xum2vP,TTa1Xuq…y3m2vP,CoQ,,,,✓,,1,Low/watch
TTcUjbKyyD,TTcUjbk…iYKyyD,CoQ,,,,✓,,1,Low/watch
TThYdwi89b,TThYdw9…9ui89b,CoQ,,,,✓,,1,Low/watch
TTnXzsf3bD,TTnXzsu…TMf3bD,CoQ,,,,✓,,1,Low/watch
TTtsEsbr8t,TTtsEs5…gKbr8t,CoQ,,,,✓,,1,Low/watch
TTueYQNzxF,TTueYQ9…LhNzxF,CoQ,,,,✓,,1,Low/watch
TU4EUyP79X,TU4EUya…ncP79X,CoQ,,,,✓,,1,Low/watch
TUQYqZtG4z,TUQYqZc…GstG4z,CoQ,,,,✓,,1,Low/watch
TUYB41P8D8,TUYB413…ynP8D8,CoQ,,,,✓,,1,Low/watch
TUdf1EmwAu,TUdf1E2…2DmwAu,CoQ,,,,✓,,1,Low/watch
TUpcDSLVxi,TUpcDSF…LBLVxi,CoQ,,,,✓,,1,Low/watch
TUpt4vrcae,TUpt4vT…xRrcae,CoQ,,,,✓,,1,Low/watch
TUuaQ92xes,TUuaQ9r…fz2xes,CoQ,,,,✓,,1,Low/watch
TUy7ixLQCR,TUy7ixq…2RLQCR,CoQ,,,,,,0,Low/watch
TUz6ik8NL1,TUz6ikE…uD8NL1,CoQ,,,,✓,,1,Low/watch
TV1Qk78xua,TV1Qk7K…YV8xua,CoQ,,,,✓,,1,Low/watch
TV2DLjamvW,TV2DLj9…3WamvW,CoQ,,,,✓,,1,Low/watch
TV3FG287qX,TV3FG2p…K287qX,CoQ,,,,✓,,1,Low/watch
TV3ZY8BSyQ,TV3ZY8M…gZBSyQ,CoQ,,,,✓,,1,Low/watch
TV9UUQQj,TV9UUQQ…nUuJBv,CoQ,,,,✓,,1,Low/watch
TVFHHrg2Fg,TVFHHrA…Leg2Fg,CoQ,,,,✓,,1,Low/watch
TVFZBsNVvZ,TVFZBsJ…EfNVvZ,CoQ,,,,✓,,1,Low/watch
TVMSGp,TVMSGpC…A9kYdC,CoQ,,,,✓,,1,Low/watch
TVMY8y7Ze7,TVMY8yf…R67Ze7,CoQ,,,,✓,,1,Low/watch
TVVJZGtaEV,TVVJZGc…njtaEV,CoQ,,,,✓,,1,Low/watch
TVWqCrgL9W,TVWqCrH…F7gL9W,CoQ,,,,✓,,1,Low/watch
TVbd3Gf8PM,TVbd3GX…aNf8PM,CoQ,,,,✓,,1,Low/watch
TVfbtDeUbe,TVfbtDh…MmeUbe,CoQ,,,,✓,,1,Low/watch
TVh511SaVg,TVh511g…YmSaVg,CoQ,,,,✓,,1,Low/watch
TViVgRwCnW,TViVgRs…v2wCnW,CoQ,,,,✓,,1,Low/watch
TVpg1GtJnC,TVpg1GC…yqtJnC,CoQ,,,,✓,,1,Low/watch
TVum8aDXLj,TVum8aP…X3DXLj,CoQ,,,,✓,,1,Low/watch
TVvyKhf4Em,TVvyKhB…h1f4Em,CoQ,,,,✓,,1,Low/watch
TVxd6RxkAT,TVxd6RT…vaxkAT,CoQ,,,,✓,,1,Low/watch
TVxsvs2McW,TVxsvsS…bC2McW,CoQ,,,,✓,,1,Low/watch
TVyphVf99i,TVyphVC…sTf99i,CoQ,,,,✓,,1,Low/watch
TW3vgsxvDd,TW3vgs3…JFxvDd,CoQ,,,,✓,,1,Low/watch
TW5UCcqbmh,TW5UCc1…wZqbmh,CoQ,,,,✓,,1,Low/watch
TWGDTWWX4T,TWGDTWN…BSWX4T,CoQ,,,,✓,,1,Low/watch
TWNqCps8pJ,TWNqCpj…Sys8pJ,CoQ,,,,✓,,1,Low/watch
TWPR2mM861,TWPR2m7…oeM861,CoQ,,,,✓,,1,Low/watch
TWRXj4SD,TWRXj4S…kw5aJx,CoQ,,,,,✓,1,Low/watch
TWbnEDD9h8,TWbnEDs…BND9h8,CoQ,,,,✓,,1,Low/watch
TWdiJLEBrv,TWdiJLh…LoEBrv,CoQ,,,,✓,,1,Low/watch
TWjJVjN9F8,TWjJVjK…BqN9F8,CoQ,,,,✓,,1,Low/watch
TWk5o42Yy6,TWk5o42…Lz2Yy6,CoQ,,,,✓,,1,Low/watch
TWmWTsPYuS,TWmWTs4…TAPYuS,CoQ,,,,✓,,1,Low/watch
TWnfUEST,TWnfUES…GLF2FY,CoQ,,,,✓,,1,Low/watch
TXKJAEP8,TXKJAEP…PxVov9,CoQ,,,,✓,,1,Low/watch
TXKqmLsM,TXKqmLs…3YeZsV,CoQ,,,,✓,,1,Low/watch
TXUxRfiX2M,TXUxRfz…v1iX2M,CoQ,,,,✓,,1,Low/watch
TXXySXo229,TXXySXw…28o229,CoQ,,,,✓,,1,Low/watch
TXaA8WPco,TXaA8WP…gLsiVr,CoQ,,,,,,0,Low/watch
TXcULgsBGK,TXcULg7…6usBGK,CoQ,,,,,,0,Low/watch
TXgeaHt4HT,TXgeaHz…m5t4HT,CoQ,,,,✓,,1,Low/watch
TXsCPQ6dxH,TXsCPQf…Ee6dxH,CoQ,,,,✓,,1,Low/watch
TXxTsrLB5E,TXxTsr4…7sLB5E,CoQ,,,,✓,,1,Low/watch
TXysWicj5M,TXysWiw…pVcj5M,CoQ,,,,✓,,1,Low/watch
TY242KdwKc,TY242K8…rcdwKc,CoQ,,,,✓,,1,Low/watch
TY3ooMbMnz,TY3ooMS…9FbMnz,CoQ,,,,✓,,1,Low/watch
TY9HE59j6r,TY9HE53…5g9j6r,CoQ,,,,✓,,1,Low/watch
TYAQmh2Y37,TYAQmhe…M22Y37,CoQ,,,,✓,,1,Low/watch
TYD6fHgxDY,TYD6fHG…i6gxDY,CoQ,,,,✓,,1,Low/watch
TYHFNvVbcU,TYHFNvA…cYVbcU,CoQ,,,,✓,,1,Low/watch
TYHJBnDXGM,TYHJBnb…mVDXGM,CoQ,,,,✓,,1,Low/watch
TYPAa9nCN9,TYPAa9D…AwnCN9,CoQ,,,,✓,,1,Low/watch
TYW7WfPCt4,TYW7WfX…MZPCt4,CoQ,,,,✓,,1,Low/watch
TYfxMFXSeY,TYfxMFD…oCXSeY,CoQ,,,,✓,,1,Low/watch
TYnhjPVe8,TYnhjPV…exbRJc,CoQ,,,,,,0,Low/watch
TYpKw8LTDA,TYpKw8t…xtLTDA,CoQ,,,,✓,,1,Low/watch
TYsdTXpNog,TYsdTXU…FppNog,CoQ,,,,✓,,1,Low/watch
TYvZyJgPRJ,TYvZyJk…STgPRJ,CoQ,,,,✓,,1,Low/watch
TZ11CRXdh9,TZ11CRW…jDXdh9,CoQ,,,,✓,,1,Low/watch
TZ1eU8WZTn,TZ1eU8c…uSWZTn,CoQ,,,,✓,,1,Low/watch
TZ1njizmUf,TZ1njip…mFzmUf,CoQ,,,,✓,,1,Low/watch
TZFte1N5KT,TZFte11…wWN5KT,CoQ,,,,✓,,1,Low/watch
UkKzza,TECbrZK…UkKzza,CoQ,✓,,,,,1,Low/watch
VXG,TTawwqA…YjqVXG,CoQ,,,,,,0,Low/watch
g5UXu,TMd44yc…Ug5UXu,CoQ,,,,✓,,1,Low/watch
kgfphn,TJcEb4b…kgfphn,CoQ,,,,✓,,1,Low/watch
qrfj,TQrY8tr…yn4STm,CoQ,,,,,,0,Low/watch
qrfq,TJ5usJL…KzfQ5y,CoQ,,,,,,0,Low/watch
qrfv,TJDENsf…XnJhCe,CoQ,,,,,,0,Low/watch
qrfw,TCLgK89…JJpBXh,CoQ,,,,,,0,Low/watch
rQbtk,TFe5Hyp…arQbtk,CoQ,,,,✓,,1,Low/watch
sCVM4,TUr9s7t…swCVM4,CoQ,,,,✓,,1,Low/watch
15dgwk,TTmjSPw…15dgwk,EJon,✓,,,,,1,Low/watch
4U3L,TXYUHKW…Yn4U3L,EJon,,,,,,0,Low/watch
6ajre,TVBGQG4…Z6ajre,EJon,✓,,,,,1,Low/watch
DZEN,TYzT71L…eyDZEN,EJon,✓,,,,,1,Low/watch
DctiyF,TVu4zcg…DctiyF,EJon,,,,,,0,Low/watch
FiXH,TDmAwJE…fXFiXH,EJon,✓,,,,,1,Low/watch
HTX-addr,TFTWNgD…8x5jLu,EJon,✓,,,,,1,Out of scale (service)
HV5Bb,TYidNq9…4HV5Bb,EJon,,,,,,0,Low/watch
HwtswN,TH62GW7…HwtswN,EJon,,,,,,0,Low/watch
LdaQG,TD2Ho8J…jLdaQG,EJon,✓,,,,,1,Low/watch
QT41,TP4GDZp…jzQT41,EJon,,,,,,0,Low/watch
TD4fhs8H,TD4fhs8…59svnu,EJon,✓,,,,,1,Low/watch
TEeCfx,TEeCfxU…w6aogV,EJon,✓,,,,,1,Low/watch
TFTWpDZf,TFTWpDZ…8x5jLu,EJon,,,,,,0,Low/watch
THuBSaEk,THuBSaE…Ai15dW,EJon,✓,,,,,1,Low/watch
TP89Q8C,TP89Q8C…m6tfCt,EJon,,,,,,0,Low/watch
TXisdWEWPFUZB,TXisdWE…h9wy5w,EJon,✓,,,,,1,Low/watch
V3px,TUzmTTX…jaV3px,EJon,,,,✓,,1,Low/watch
Vt63U,TMJebHa…qVt63U,EJon,✓,,,,,1,Low/watch
XGTq,TBxvwPp…ueXGTq,EJon,✓,,,,,1,Low/watch
Y1bTd,TPKMR3N…HY1bTd,EJon,,,,,,0,Low/watch
7gn,TVLrT87…vYy7gn,HBK,,,,,,0,Low/watch
HBK,TVMAbpj…U9XHBK,HBK,✓,,,,,1,Low/watch
JEk,TVD24xs…pTWJEk,HBK,✓,,,,,1,Low/watch
TAASJt,TAASJtq…Xcg3R4,HBK,✓,,,,,1,Low/watch
TFBLE5wF,TFBLE5w…BpJt7H,HBK,,,,,,0,Low/watch
THtAU,TKRSDkF…eTHtAU,HBK,,,,,,0,Low/watch
TJbRpiWshh,TJbRpiW…cpcyhf,HBK,,,,,,0,Low/watch
TLqhGbL,TLqhGbL…6Az9tu,HBK,,,,,,0,Low/watch
f9Z,TQssegX…tJgf9Z,HBK,,,,,,0,Low/watch
9yyJp,TTYgTWh…v9yyJp,CoQ,,,,✓,,0,Out of scale (service)
Eoposg,TA1wtkN…Eoposg,CoQ,,,,✓,,0,Out of scale (service)
H6BaHi,TAzaERh…H6BaHi,CoQ,,,,✓,,0,Out of scale (service)
MWGh,TBQNYrW…GvMWGh,CoQ,,,,✓,,0,Out of scale (service)
TAG3tuYYRJ,TAG3tuK…JpYYRJ,CoQ,,,,,,0,"Out of scale (KuCoin, proxy)"
TAgfP1vyg5,TAgfP1h…xFvyg5,CoQ,,,,,,0,"Out of scale (FixedFloat, proxy)"
TB2jWc4U,TB2jWc4…6mKKKK,CoQ,,,,✓,,0,Out of scale (service)
TBLCvoxE8B,TBLCvoX…e1xE8B,CoQ,,,,,,0,"Out of scale (KuCoin, proxy)"
TBMDHJEjTs,TBMDHJs…7yEjTs,CoQ,,,,,,0,"Out of scale (FixedFloat, proxy)"
TBR4kYL5dk,TBR4kYh…svL5dk,CoQ,,,,,,0,"Out of scale (KuCoin, proxy)"
TBydXeXPru,TBydXeB…GhXPru,CoQ,,,,,,0,"Out of scale (KuCoin, proxy)"
TC6jWC6adf,TC6jWCK…U66adf,CoQ,,,,,,0,"Out of scale (KuCoin, proxy)"
TCmVoRTC7U,TCmVoRy…3DTC7U,CoQ,,,,,,0,"Out of scale (FixedFloat, proxy)"
TDJ1VBVrA8,TDJ1VBV…f8VrA8,CoQ,,,,,,0,"Out of scale (KuCoin, proxy)"
TDiNfgmdSB,TDiNfgw…K5mdSB,CoQ,,,,,,0,"Out of scale (KuCoin, proxy)"
TDii6vao,TDii6va…8xcqYx,CoQ,,,,✓,,0,Out of scale (service)
TDoXUNZ6,TDoXUNZ…Gqsbcf,CoQ,,,,,,0,Out of scale (service)
TE1AFhU4Y3,TE1AFh3…pmU4Y3,CoQ,,,,,,0,"Out of scale (FixedFloat, proxy)"
TEGFkDkuYn,TEGFkDx…aykuYn,CoQ,,,,,,0,"Out of scale (KuCoin, proxy)"
TEYvLM47KB,TEYvLMD…Y947KB,CoQ,,,,,,0,"Out of scale (FixedFloat, proxy)"
TEcpceyRGC,TEcpceN…ZyyRGC,CoQ,,,,,,0,"Out of scale (KuCoin, proxy)"
TEhZTJaF6r,TEhZTJC…7RaF6r,CoQ,,,,,,0,"Out of scale (KuCoin, proxy)"
TF6xnUQLDx,TF6xnUV…khQLDx,CoQ,,,,,,0,"Out of scale (KuCoin, proxy)"
TFXvfPHu5m,TFXvfPK…h7Hu5m,CoQ,,,,,,0,"Out of scale (KuCoin, proxy)"
TFaGjRwa8P,TFaGjRz…Dywa8P,CoQ,,,,,,0,"Out of scale (KuCoin, proxy)"
TFj3xYmZdq,TFj3xYi…d2mZdq,CoQ,,,,,,0,"Out of scale (KuCoin, proxy)"
TFjQxAnURC,TFjQxAq…cPnURC,CoQ,,,,,,0,"Out of scale (FixedFloat, proxy)"
TG7kfzV5as,TG7kfzy…KZV5as,CoQ,,,,,,0,"Out of scale (FixedFloat, proxy)"
TGj48AD3,TGj48AD…ynz8HN,CoQ,,,,✓,,0,Out of scale (service)
THPYq858NH,THPYq8R…mp58NH,CoQ,,,,,,0,"Out of scale (KuCoin, proxy)"
THohPk3YS7,THohPk1…9T3YS7,CoQ,,,,,,0,"Out of scale (FixedFloat, proxy)"
TJBRw7qy7G,TJBRw7s…7Dqy7G,CoQ,,,,,,0,"Out of scale (KuCoin, proxy)"
TJUgiujMTm,TJUgiuG…JGjMTm,CoQ,,,,,,0,"Out of scale (FixedFloat, proxy)"
TJwj4HAGgj,TJwj4Hn…iHAGgj,CoQ,,,,,,0,"Out of scale (KuCoin, proxy)"
TKCHkNgmyS,TKCHkNi…NFgmyS,CoQ,,,,,,0,"Out of scale (KuCoin, proxy)"
TKnC62W6yU,TKnC62n…6SW6yU,CoQ,,,,,,0,"Out of scale (KuCoin, proxy)"
TKumjNvkNp,TKumjNW…aXvkNp,CoQ,,,,,,0,"Out of scale (KuCoin, proxy)"
TMbXWsLTgy,TMbXWsi…uiLTgy,CoQ,,,,,,0,"Out of scale (FixedFloat, proxy)"
TN9dFZQ5GY,TN9dFZJ…XaQ5GY,CoQ,,,,,,0,"Out of scale (KuCoin, proxy)"
TNRLM8uQwA,TNRLM8x…G7uQwA,CoQ,,,,,,0,"Out of scale (KuCoin, proxy)"
TNak16zib4,TNak16n…bPzib4,CoQ,,,,,,0,"Out of scale (KuCoin, proxy)"
TNtDhaQXm3,TNtDhaH…cJQXm3,CoQ,,,,,,0,"Out of scale (KuCoin, proxy)"
TPXrXGLRSn,TPXrXGT…dhLRSn,CoQ,,,,,,0,"Out of scale (KuCoin, proxy)"
TQEpGghaQ1,TQEpGgG…UdhaQ1,CoQ,,,,,,0,"Out of scale (FixedFloat, proxy)"
TQZJiXhU9b,TQZJiXK…jbhU9b,CoQ,,,,,,0,"Out of scale (KuCoin, proxy)"
TRLNwQijDh,TRLNwQB…w3ijDh,CoQ,,,,,,0,"Out of scale (FixedFloat, proxy)"
TRLYdqqJcT,TRLYdqc…iLqJcT,CoQ,,,,,,0,"Out of scale (KuCoin, proxy)"
TRN1yuHQCj,TRN1yun…33HQCj,CoQ,,,,,,0,"Out of scale (KuCoin, proxy)"
TRjh6Jx1qM,TRjh6Jt…mix1qM,CoQ,,,,,,0,"Out of scale (KuCoin, proxy)"
TRxfctiAJP,TRxfctH…ckiAJP,CoQ,,,,,,0,"Out of scale (KuCoin, proxy)"
TS8xoK1R7H,TS8xoKA…jp1R7H,CoQ,,,,,,0,"Out of scale (KuCoin, proxy)"
TStcEzF1UL,TStcEzx…oQF1UL,CoQ,,,,,,0,"Out of scale (KuCoin, proxy)"
TTFZJzngGN,TTFZJz8…DtngGN,CoQ,,,,,,0,"Out of scale (KuCoin, proxy)"
TTJTYU4vqe,TTJTYUq…Dc4vqe,CoQ,,,,,,0,"Out of scale (FixedFloat, proxy)"
TTa2dEUcfm,TTa2dEx…eTUcfm,CoQ,,,,,,0,"Out of scale (KuCoin, proxy)"
TThoFchuzD,TThoFcm…6fhuzD,CoQ,,,,,,0,"Out of scale (KuCoin, proxy)"
TUGvUSY1b3,TUGvUSy…5rY1b3,CoQ,,,,,,0,"Out of scale (KuCoin, proxy)"
TUSpFJAroa,TUSpFJ1…koAroa,CoQ,,,,,,0,"Out of scale (FixedFloat, proxy)"
TUeeDina3T,TUeeDiP…qwna3T,CoQ,,,,,,0,"Out of scale (FixedFloat, proxy)"
TUjuxaiUpr,TUjuxaq…c2iUpr,CoQ,,,,,,0,"Out of scale (KuCoin, proxy)"
TUsL2Tg63c,TUsL2TP…zBg63c,CoQ,,,,,,0,"Out of scale (FixedFloat, proxy)"
TUtmS7G676,TUtmS7r…QNG676,CoQ,,,,,,0,"Out of scale (KuCoin, proxy)"
TUwTDXyvdG,TUwTDXr…kzyvdG,CoQ,,,,,,0,"Out of scale (KuCoin, proxy)"
TVLx2PcoVC,TVLx2P9…TVcoVC,CoQ,,,,,,0,"Out of scale (KuCoin, proxy)"
TVMvJmYA6n,TVMvJme…8iYA6n,CoQ,,,,,,0,"Out of scale (KuCoin, proxy)"
TVh6mBgYdQ,TVh6mBP…x2gYdQ,CoQ,,,,,,0,"Out of scale (KuCoin, proxy)"
TVyMCpr7Cc,TVyMCp8…Uor7Cc,CoQ,,,,,,0,"Out of scale (KuCoin, proxy)"
TWq91qHLku,TWq91qv…9WHLku,CoQ,,,,,,0,"Out of scale (KuCoin, proxy)"
TX5XiRXdyz,TX5XiRX…kncpke,CoQ,,,,✓,,0,Out of scale (service)
TXR23HtAYF,TXR23HG…h4tAYF,CoQ,,,,,,0,"Out of scale (KuCoin, proxy)"
TXfCDGcaqZ,TXfCDGf…aicaqZ,CoQ,,,,,,0,"Out of scale (KuCoin, proxy)"
TXytNrarHJ,TXytNrs…19arHJ,CoQ,,,,,,0,"Out of scale (KuCoin, proxy)"
TY2xY3QrmC,TY2xY3G…AhQrmC,CoQ,,,,,,0,"Out of scale (FixedFloat, proxy)"
TYAhcz19dn,TYAhczJ…uP19dn,CoQ,,,,,,0,"Out of scale (KuCoin, proxy)"
TYCdVSFzGn,TYCdVSo…FBFzGn,CoQ,,,,,,0,"Out of scale (KuCoin, proxy)"
UafMEv,TW2UmTM…UafMEv,CoQ,,,,✓,,0,Out of scale (service)
UkKzza-KuCoin,TKx6mcd…LrsXpU,CoQ,,,,,,0,Out of scale (service)
UkKzza-MEXC,TZ7gAfJ…gMiivM,CoQ,,,,✓,,0,Out of scale (service)
Va25-SpokePool,TTbCVPf…ZovkmS,CoQ,,,,,,0,Out of scale (service)
Ve3,TLQwDaS…fFKVe3,CoQ,,,,✓,,0,Out of scale (service)
VjTQp,TJxUyiP…ZVjTQp,CoQ,,,,✓,,0,Out of scale (service)
aG2Yg,TE1vdfc…5aG2Yg,CoQ,,,,✓,,0,Out of scale (service)
aGA2,TVX9iez…16aGA2,CoQ,,,,✓,,0,Out of scale (service)
ajK4mF,TWjADEz…ajK4mF,CoQ,,,,✓,,0,Out of scale (service)
f3PrXyw,TUgWgyH…3PrXyw,CoQ,,,,✓,,0,Out of scale (service)
hpv,TTeDkpF…7YAhpv,CoQ,,,,✓,,0,Out of scale (service)
tjCoe2,TYC6AJx…tjCoe2,CoQ,,,,✓,,0,Out of scale (service)
vnZk,TWEsfeP…CxvnZk,CoQ,,,,✓,,0,Out of scale (service)
yZz,TAUdjRL…MhzyZz,CoQ,,,,✓,,0,Out of scale (service)
49F3,TCusuUY…Gt49F3,CoQ,,,,,,0,Out of scale (infra)
9tP,TKpn4QS…XGi9tP,CoQ,,,,,,0,Out of scale (infra)
K8coH,TJWgoFQ…1K8coH,CoQ,,,,,,0,Out of scale (infra)
NyngXq,TZ5uDD5…NyngXq,CoQ,,,,,,0,Out of scale (infra)
TWS1onJ,TWS1onJ…DHh7PV,CoQ,,,,✓,,1,Out of scale (infra)
